ISO-10303-21;
HEADER;
FILE_DESCRIPTION(('Open CASCADE Model'),'2;1');
FILE_NAME('Open CASCADE Shape Model','2026-07-21T15:58:18',('Author'),(
    'Open CASCADE'),'Open CASCADE STEP processor 7.9','Open CASCADE 7.9'
  ,'Unknown');
FILE_SCHEMA(('AUTOMOTIVE_DESIGN { 1 0 10303 214 1 1 1 1 }'));
ENDSEC;
DATA;
#1 = APPLICATION_PROTOCOL_DEFINITION('international standard',
  'automotive_design',2000,#2);
#2 = APPLICATION_CONTEXT(
  'core data for automotive mechanical design processes');
#3 = SHAPE_DEFINITION_REPRESENTATION(#4,#10);
#4 = PRODUCT_DEFINITION_SHAPE('','',#5);
#5 = PRODUCT_DEFINITION('design','',#6,#9);
#6 = PRODUCT_DEFINITION_FORMATION('','',#7);
#7 = PRODUCT('Open CASCADE STEP translator 7.9 1',
  'Open CASCADE STEP translator 7.9 1','',(#8));
#8 = PRODUCT_CONTEXT('',#2,'mechanical');
#9 = PRODUCT_DEFINITION_CONTEXT('part definition',#2,'design');
#10 = ADVANCED_BREP_SHAPE_REPRESENTATION('',(#11,#15),#2211);
#11 = AXIS2_PLACEMENT_3D('',#12,#13,#14);
#12 = CARTESIAN_POINT('',(0.,0.,0.));
#13 = DIRECTION('',(0.,0.,1.));
#14 = DIRECTION('',(1.,0.,-0.));
#15 = MANIFOLD_SOLID_BREP('',#16);
#16 = CLOSED_SHELL('',(#17,#199,#521,#575,#625,#867,#922,#977,#1004,
    #1031,#1058,#1085,#1196,#1309,#1502,#1674,#1699,#1892,#2064,#2089,
    #2119,#2149,#2184));
#17 = ADVANCED_FACE('',(#18,#137,#168),#32,.F.);
#18 = FACE_BOUND('',#19,.F.);
#19 = EDGE_LOOP('',(#20,#55,#83,#111));
#20 = ORIENTED_EDGE('',*,*,#21,.F.);
#21 = EDGE_CURVE('',#22,#24,#26,.T.);
#22 = VERTEX_POINT('',#23);
#23 = CARTESIAN_POINT('',(3.,-4.440892098501E-16,0.));
#24 = VERTEX_POINT('',#25);
#25 = CARTESIAN_POINT('',(57.,-4.440892098501E-16,0.));
#26 = SURFACE_CURVE('',#27,(#31,#43),.PCURVE_S1.);
#27 = LINE('',#28,#29);
#28 = CARTESIAN_POINT('',(0.,0.,0.));
#29 = VECTOR('',#30,1.);
#30 = DIRECTION('',(1.,0.,0.));
#31 = PCURVE('',#32,#37);
#32 = PLANE('',#33);
#33 = AXIS2_PLACEMENT_3D('',#34,#35,#36);
#34 = CARTESIAN_POINT('',(0.,0.,0.));
#35 = DIRECTION('',(0.,1.,0.));
#36 = DIRECTION('',(1.,0.,0.));
#37 = DEFINITIONAL_REPRESENTATION('',(#38),#42);
#38 = LINE('',#39,#40);
#39 = CARTESIAN_POINT('',(0.,0.));
#40 = VECTOR('',#41,1.);
#41 = DIRECTION('',(1.,0.));
#42 = ( GEOMETRIC_REPRESENTATION_CONTEXT(2) 
PARAMETRIC_REPRESENTATION_CONTEXT() REPRESENTATION_CONTEXT('2D SPACE',''
  ) );
#43 = PCURVE('',#44,#49);
#44 = PLANE('',#45);
#45 = AXIS2_PLACEMENT_3D('',#46,#47,#48);
#46 = CARTESIAN_POINT('',(21.5625,21.5625,0.));
#47 = DIRECTION('',(0.,0.,1.));
#48 = DIRECTION('',(1.,0.,0.));
#49 = DEFINITIONAL_REPRESENTATION('',(#50),#54);
#50 = LINE('',#51,#52);
#51 = CARTESIAN_POINT('',(-21.5625,-21.5625));
#52 = VECTOR('',#53,1.);
#53 = DIRECTION('',(1.,0.));
#54 = ( GEOMETRIC_REPRESENTATION_CONTEXT(2) 
PARAMETRIC_REPRESENTATION_CONTEXT() REPRESENTATION_CONTEXT('2D SPACE',''
  ) );
#55 = ORIENTED_EDGE('',*,*,#56,.T.);
#56 = EDGE_CURVE('',#22,#57,#59,.T.);
#57 = VERTEX_POINT('',#58);
#58 = CARTESIAN_POINT('',(3.,-4.440892098501E-16,40.));
#59 = SURFACE_CURVE('',#60,(#64,#71),.PCURVE_S1.);
#60 = LINE('',#61,#62);
#61 = CARTESIAN_POINT('',(3.,-4.440892098501E-16,0.));
#62 = VECTOR('',#63,1.);
#63 = DIRECTION('',(0.,0.,1.));
#64 = PCURVE('',#32,#65);
#65 = DEFINITIONAL_REPRESENTATION('',(#66),#70);
#66 = LINE('',#67,#68);
#67 = CARTESIAN_POINT('',(3.,0.));
#68 = VECTOR('',#69,1.);
#69 = DIRECTION('',(0.,-1.));
#70 = ( GEOMETRIC_REPRESENTATION_CONTEXT(2) 
PARAMETRIC_REPRESENTATION_CONTEXT() REPRESENTATION_CONTEXT('2D SPACE',''
  ) );
#71 = PCURVE('',#72,#77);
#72 = CYLINDRICAL_SURFACE('',#73,3.);
#73 = AXIS2_PLACEMENT_3D('',#74,#75,#76);
#74 = CARTESIAN_POINT('',(3.,3.,0.));
#75 = DIRECTION('',(0.,0.,1.));
#76 = DIRECTION('',(0.,-1.,0.));
#77 = DEFINITIONAL_REPRESENTATION('',(#78),#82);
#78 = LINE('',#79,#80);
#79 = CARTESIAN_POINT('',(-0.,0.));
#80 = VECTOR('',#81,1.);
#81 = DIRECTION('',(-0.,1.));
#82 = ( GEOMETRIC_REPRESENTATION_CONTEXT(2) 
PARAMETRIC_REPRESENTATION_CONTEXT() REPRESENTATION_CONTEXT('2D SPACE',''
  ) );
#83 = ORIENTED_EDGE('',*,*,#84,.T.);
#84 = EDGE_CURVE('',#57,#85,#87,.T.);
#85 = VERTEX_POINT('',#86);
#86 = CARTESIAN_POINT('',(57.,-4.440892098501E-16,40.));
#87 = SURFACE_CURVE('',#88,(#92,#99),.PCURVE_S1.);
#88 = LINE('',#89,#90);
#89 = CARTESIAN_POINT('',(0.,0.,40.));
#90 = VECTOR('',#91,1.);
#91 = DIRECTION('',(1.,0.,0.));
#92 = PCURVE('',#32,#93);
#93 = DEFINITIONAL_REPRESENTATION('',(#94),#98);
#94 = LINE('',#95,#96);
#95 = CARTESIAN_POINT('',(0.,-40.));
#96 = VECTOR('',#97,1.);
#97 = DIRECTION('',(1.,0.));
#98 = ( GEOMETRIC_REPRESENTATION_CONTEXT(2) 
PARAMETRIC_REPRESENTATION_CONTEXT() REPRESENTATION_CONTEXT('2D SPACE',''
  ) );
#99 = PCURVE('',#100,#105);
#100 = PLANE('',#101);
#101 = AXIS2_PLACEMENT_3D('',#102,#103,#104);
#102 = CARTESIAN_POINT('',(21.5625,21.5625,40.));
#103 = DIRECTION('',(0.,0.,1.));
#104 = DIRECTION('',(1.,0.,0.));
#105 = DEFINITIONAL_REPRESENTATION('',(#106),#110);
#106 = LINE('',#107,#108);
#107 = CARTESIAN_POINT('',(-21.5625,-21.5625));
#108 = VECTOR('',#109,1.);
#109 = DIRECTION('',(1.,0.));
#110 = ( GEOMETRIC_REPRESENTATION_CONTEXT(2) 
PARAMETRIC_REPRESENTATION_CONTEXT() REPRESENTATION_CONTEXT('2D SPACE',''
  ) );
#111 = ORIENTED_EDGE('',*,*,#112,.F.);
#112 = EDGE_CURVE('',#24,#85,#113,.T.);
#113 = SURFACE_CURVE('',#114,(#118,#125),.PCURVE_S1.);
#114 = LINE('',#115,#116);
#115 = CARTESIAN_POINT('',(57.,-4.440892098501E-16,0.));
#116 = VECTOR('',#117,1.);
#117 = DIRECTION('',(0.,0.,1.));
#118 = PCURVE('',#32,#119);
#119 = DEFINITIONAL_REPRESENTATION('',(#120),#124);
#120 = LINE('',#121,#122);
#121 = CARTESIAN_POINT('',(57.,0.));
#122 = VECTOR('',#123,1.);
#123 = DIRECTION('',(0.,-1.));
#124 = ( GEOMETRIC_REPRESENTATION_CONTEXT(2) 
PARAMETRIC_REPRESENTATION_CONTEXT() REPRESENTATION_CONTEXT('2D SPACE',''
  ) );
#125 = PCURVE('',#126,#131);
#126 = CYLINDRICAL_SURFACE('',#127,3.);
#127 = AXIS2_PLACEMENT_3D('',#128,#129,#130);
#128 = CARTESIAN_POINT('',(57.,3.,0.));
#129 = DIRECTION('',(0.,0.,1.));
#130 = DIRECTION('',(0.,-1.,0.));
#131 = DEFINITIONAL_REPRESENTATION('',(#132),#136);
#132 = LINE('',#133,#134);
#133 = CARTESIAN_POINT('',(0.,0.));
#134 = VECTOR('',#135,1.);
#135 = DIRECTION('',(0.,1.));
#136 = ( GEOMETRIC_REPRESENTATION_CONTEXT(2) 
PARAMETRIC_REPRESENTATION_CONTEXT() REPRESENTATION_CONTEXT('2D SPACE',''
  ) );
#137 = FACE_BOUND('',#138,.F.);
#138 = EDGE_LOOP('',(#139));
#139 = ORIENTED_EDGE('',*,*,#140,.F.);
#140 = EDGE_CURVE('',#141,#141,#143,.T.);
#141 = VERTEX_POINT('',#142);
#142 = CARTESIAN_POINT('',(8.,0.,20.));
#143 = SURFACE_CURVE('',#144,(#149,#156),.PCURVE_S1.);
#144 = CIRCLE('',#145,7.);
#145 = AXIS2_PLACEMENT_3D('',#146,#147,#148);
#146 = CARTESIAN_POINT('',(15.,0.,20.));
#147 = DIRECTION('',(0.,1.,-0.));
#148 = DIRECTION('',(-1.,0.,0.));
#149 = PCURVE('',#32,#150);
#150 = DEFINITIONAL_REPRESENTATION('',(#151),#155);
#151 = CIRCLE('',#152,7.);
#152 = AXIS2_PLACEMENT_2D('',#153,#154);
#153 = CARTESIAN_POINT('',(15.,-20.));
#154 = DIRECTION('',(-1.,0.));
#155 = ( GEOMETRIC_REPRESENTATION_CONTEXT(2) 
PARAMETRIC_REPRESENTATION_CONTEXT() REPRESENTATION_CONTEXT('2D SPACE',''
  ) );
#156 = PCURVE('',#157,#162);
#157 = CYLINDRICAL_SURFACE('',#158,7.);
#158 = AXIS2_PLACEMENT_3D('',#159,#160,#161);
#159 = CARTESIAN_POINT('',(15.,0.,20.));
#160 = DIRECTION('',(0.,1.,0.));
#161 = DIRECTION('',(-1.,0.,0.));
#162 = DEFINITIONAL_REPRESENTATION('',(#163),#167);
#163 = LINE('',#164,#165);
#164 = CARTESIAN_POINT('',(0.,0.));
#165 = VECTOR('',#166,1.);
#166 = DIRECTION('',(1.,0.));
#167 = ( GEOMETRIC_REPRESENTATION_CONTEXT(2) 
PARAMETRIC_REPRESENTATION_CONTEXT() REPRESENTATION_CONTEXT('2D SPACE',''
  ) );
#168 = FACE_BOUND('',#169,.F.);
#169 = EDGE_LOOP('',(#170));
#170 = ORIENTED_EDGE('',*,*,#171,.F.);
#171 = EDGE_CURVE('',#172,#172,#174,.T.);
#172 = VERTEX_POINT('',#173);
#173 = CARTESIAN_POINT('',(38.,0.,20.));
#174 = SURFACE_CURVE('',#175,(#180,#187),.PCURVE_S1.);
#175 = CIRCLE('',#176,7.);
#176 = AXIS2_PLACEMENT_3D('',#177,#178,#179);
#177 = CARTESIAN_POINT('',(45.,0.,20.));
#178 = DIRECTION('',(0.,1.,-0.));
#179 = DIRECTION('',(-1.,0.,0.));
#180 = PCURVE('',#32,#181);
#181 = DEFINITIONAL_REPRESENTATION('',(#182),#186);
#182 = CIRCLE('',#183,7.);
#183 = AXIS2_PLACEMENT_2D('',#184,#185);
#184 = CARTESIAN_POINT('',(45.,-20.));
#185 = DIRECTION('',(-1.,0.));
#186 = ( GEOMETRIC_REPRESENTATION_CONTEXT(2) 
PARAMETRIC_REPRESENTATION_CONTEXT() REPRESENTATION_CONTEXT('2D SPACE',''
  ) );
#187 = PCURVE('',#188,#193);
#188 = CYLINDRICAL_SURFACE('',#189,7.);
#189 = AXIS2_PLACEMENT_3D('',#190,#191,#192);
#190 = CARTESIAN_POINT('',(45.,0.,20.));
#191 = DIRECTION('',(0.,1.,0.));
#192 = DIRECTION('',(-1.,0.,0.));
#193 = DEFINITIONAL_REPRESENTATION('',(#194),#198);
#194 = LINE('',#195,#196);
#195 = CARTESIAN_POINT('',(0.,0.));
#196 = VECTOR('',#197,1.);
#197 = DIRECTION('',(1.,0.));
#198 = ( GEOMETRIC_REPRESENTATION_CONTEXT(2) 
PARAMETRIC_REPRESENTATION_CONTEXT() REPRESENTATION_CONTEXT('2D SPACE',''
  ) );
#199 = ADVANCED_FACE('',(#200),#44,.F.);
#200 = FACE_BOUND('',#201,.F.);
#201 = EDGE_LOOP('',(#202,#203,#227,#255,#284,#312,#345,#373,#406,#434,
    #467,#495));
#202 = ORIENTED_EDGE('',*,*,#21,.T.);
#203 = ORIENTED_EDGE('',*,*,#204,.T.);
#204 = EDGE_CURVE('',#24,#205,#207,.T.);
#205 = VERTEX_POINT('',#206);
#206 = CARTESIAN_POINT('',(60.,3.,0.));
#207 = SURFACE_CURVE('',#208,(#213,#220),.PCURVE_S1.);
#208 = CIRCLE('',#209,3.);
#209 = AXIS2_PLACEMENT_3D('',#210,#211,#212);
#210 = CARTESIAN_POINT('',(57.,3.,0.));
#211 = DIRECTION('',(0.,0.,1.));
#212 = DIRECTION('',(0.,-1.,0.));
#213 = PCURVE('',#44,#214);
#214 = DEFINITIONAL_REPRESENTATION('',(#215),#219);
#215 = CIRCLE('',#216,3.);
#216 = AXIS2_PLACEMENT_2D('',#217,#218);
#217 = CARTESIAN_POINT('',(35.4375,-18.5625));
#218 = DIRECTION('',(0.,-1.));
#219 = ( GEOMETRIC_REPRESENTATION_CONTEXT(2) 
PARAMETRIC_REPRESENTATION_CONTEXT() REPRESENTATION_CONTEXT('2D SPACE',''
  ) );
#220 = PCURVE('',#126,#221);
#221 = DEFINITIONAL_REPRESENTATION('',(#222),#226);
#222 = LINE('',#223,#224);
#223 = CARTESIAN_POINT('',(0.,0.));
#224 = VECTOR('',#225,1.);
#225 = DIRECTION('',(1.,0.));
#226 = ( GEOMETRIC_REPRESENTATION_CONTEXT(2) 
PARAMETRIC_REPRESENTATION_CONTEXT() REPRESENTATION_CONTEXT('2D SPACE',''
  ) );
#227 = ORIENTED_EDGE('',*,*,#228,.T.);
#228 = EDGE_CURVE('',#205,#229,#231,.T.);
#229 = VERTEX_POINT('',#230);
#230 = CARTESIAN_POINT('',(60.,12.,0.));
#231 = SURFACE_CURVE('',#232,(#236,#243),.PCURVE_S1.);
#232 = LINE('',#233,#234);
#233 = CARTESIAN_POINT('',(60.,0.,0.));
#234 = VECTOR('',#235,1.);
#235 = DIRECTION('',(0.,1.,0.));
#236 = PCURVE('',#44,#237);
#237 = DEFINITIONAL_REPRESENTATION('',(#238),#242);
#238 = LINE('',#239,#240);
#239 = CARTESIAN_POINT('',(38.4375,-21.5625));
#240 = VECTOR('',#241,1.);
#241 = DIRECTION('',(0.,1.));
#242 = ( GEOMETRIC_REPRESENTATION_CONTEXT(2) 
PARAMETRIC_REPRESENTATION_CONTEXT() REPRESENTATION_CONTEXT('2D SPACE',''
  ) );
#243 = PCURVE('',#244,#249);
#244 = PLANE('',#245);
#245 = AXIS2_PLACEMENT_3D('',#246,#247,#248);
#246 = CARTESIAN_POINT('',(60.,0.,0.));
#247 = DIRECTION('',(-1.,0.,0.));
#248 = DIRECTION('',(0.,1.,0.));
#249 = DEFINITIONAL_REPRESENTATION('',(#250),#254);
#250 = LINE('',#251,#252);
#251 = CARTESIAN_POINT('',(0.,0.));
#252 = VECTOR('',#253,1.);
#253 = DIRECTION('',(1.,0.));
#254 = ( GEOMETRIC_REPRESENTATION_CONTEXT(2) 
PARAMETRIC_REPRESENTATION_CONTEXT() REPRESENTATION_CONTEXT('2D SPACE',''
  ) );
#255 = ORIENTED_EDGE('',*,*,#256,.T.);
#256 = EDGE_CURVE('',#229,#257,#259,.T.);
#257 = VERTEX_POINT('',#258);
#258 = CARTESIAN_POINT('',(57.,15.,0.));
#259 = SURFACE_CURVE('',#260,(#265,#272),.PCURVE_S1.);
#260 = CIRCLE('',#261,3.);
#261 = AXIS2_PLACEMENT_3D('',#262,#263,#264);
#262 = CARTESIAN_POINT('',(57.,12.,0.));
#263 = DIRECTION('',(0.,0.,1.));
#264 = DIRECTION('',(0.,-1.,0.));
#265 = PCURVE('',#44,#266);
#266 = DEFINITIONAL_REPRESENTATION('',(#267),#271);
#267 = CIRCLE('',#268,3.);
#268 = AXIS2_PLACEMENT_2D('',#269,#270);
#269 = CARTESIAN_POINT('',(35.4375,-9.5625));
#270 = DIRECTION('',(0.,-1.));
#271 = ( GEOMETRIC_REPRESENTATION_CONTEXT(2) 
PARAMETRIC_REPRESENTATION_CONTEXT() REPRESENTATION_CONTEXT('2D SPACE',''
  ) );
#272 = PCURVE('',#273,#278);
#273 = CYLINDRICAL_SURFACE('',#274,3.);
#274 = AXIS2_PLACEMENT_3D('',#275,#276,#277);
#275 = CARTESIAN_POINT('',(57.,12.,0.));
#276 = DIRECTION('',(0.,0.,1.));
#277 = DIRECTION('',(1.,0.,-0.));
#278 = DEFINITIONAL_REPRESENTATION('',(#279),#283);
#279 = LINE('',#280,#281);
#280 = CARTESIAN_POINT('',(-1.570796326795,0.));
#281 = VECTOR('',#282,1.);
#282 = DIRECTION('',(1.,0.));
#283 = ( GEOMETRIC_REPRESENTATION_CONTEXT(2) 
PARAMETRIC_REPRESENTATION_CONTEXT() REPRESENTATION_CONTEXT('2D SPACE',''
  ) );
#284 = ORIENTED_EDGE('',*,*,#285,.T.);
#285 = EDGE_CURVE('',#257,#286,#288,.T.);
#286 = VERTEX_POINT('',#287);
#287 = CARTESIAN_POINT('',(18.,15.,0.));
#288 = SURFACE_CURVE('',#289,(#293,#300),.PCURVE_S1.);
#289 = LINE('',#290,#291);
#290 = CARTESIAN_POINT('',(60.,15.,0.));
#291 = VECTOR('',#292,1.);
#292 = DIRECTION('',(-1.,0.,0.));
#293 = PCURVE('',#44,#294);
#294 = DEFINITIONAL_REPRESENTATION('',(#295),#299);
#295 = LINE('',#296,#297);
#296 = CARTESIAN_POINT('',(38.4375,-6.5625));
#297 = VECTOR('',#298,1.);
#298 = DIRECTION('',(-1.,0.));
#299 = ( GEOMETRIC_REPRESENTATION_CONTEXT(2) 
PARAMETRIC_REPRESENTATION_CONTEXT() REPRESENTATION_CONTEXT('2D SPACE',''
  ) );
#300 = PCURVE('',#301,#306);
#301 = PLANE('',#302);
#302 = AXIS2_PLACEMENT_3D('',#303,#304,#305);
#303 = CARTESIAN_POINT('',(60.,15.,0.));
#304 = DIRECTION('',(0.,-1.,0.));
#305 = DIRECTION('',(-1.,0.,0.));
#306 = DEFINITIONAL_REPRESENTATION('',(#307),#311);
#307 = LINE('',#308,#309);
#308 = CARTESIAN_POINT('',(0.,-0.));
#309 = VECTOR('',#310,1.);
#310 = DIRECTION('',(1.,0.));
#311 = ( GEOMETRIC_REPRESENTATION_CONTEXT(2) 
PARAMETRIC_REPRESENTATION_CONTEXT() REPRESENTATION_CONTEXT('2D SPACE',''
  ) );
#312 = ORIENTED_EDGE('',*,*,#313,.T.);
#313 = EDGE_CURVE('',#286,#314,#316,.T.);
#314 = VERTEX_POINT('',#315);
#315 = CARTESIAN_POINT('',(15.,18.,0.));
#316 = SURFACE_CURVE('',#317,(#322,#333),.PCURVE_S1.);
#317 = CIRCLE('',#318,3.);
#318 = AXIS2_PLACEMENT_3D('',#319,#320,#321);
#319 = CARTESIAN_POINT('',(18.,18.,0.));
#320 = DIRECTION('',(-0.,-0.,-1.));
#321 = DIRECTION('',(0.,-1.,0.));
#322 = PCURVE('',#44,#323);
#323 = DEFINITIONAL_REPRESENTATION('',(#324),#332);
#324 = ( BOUNDED_CURVE() B_SPLINE_CURVE(2,(#325,#326,#327,#328,#329,#330
,#331),.UNSPECIFIED.,.T.,.F.) B_SPLINE_CURVE_WITH_KNOTS((1,2,2,2,2,1),(
    -2.094395102393,0.,2.094395102393,4.188790204786,6.28318530718,
8.377580409573),.UNSPECIFIED.) CURVE() GEOMETRIC_REPRESENTATION_ITEM() 
RATIONAL_B_SPLINE_CURVE((1.,0.5,1.,0.5,1.,0.5,1.)) REPRESENTATION_ITEM(
  '') );
#325 = CARTESIAN_POINT('',(-3.5625,-6.5625));
#326 = CARTESIAN_POINT('',(-8.758652422707,-6.5625));
#327 = CARTESIAN_POINT('',(-6.160576211353,-2.0625));
#328 = CARTESIAN_POINT('',(-3.5625,2.4375));
#329 = CARTESIAN_POINT('',(-0.964423788647,-2.0625));
#330 = CARTESIAN_POINT('',(1.633652422707,-6.5625));
#331 = CARTESIAN_POINT('',(-3.5625,-6.5625));
#332 = ( GEOMETRIC_REPRESENTATION_CONTEXT(2) 
PARAMETRIC_REPRESENTATION_CONTEXT() REPRESENTATION_CONTEXT('2D SPACE',''
  ) );
#333 = PCURVE('',#334,#339);
#334 = CYLINDRICAL_SURFACE('',#335,3.);
#335 = AXIS2_PLACEMENT_3D('',#336,#337,#338);
#336 = CARTESIAN_POINT('',(18.,18.,0.));
#337 = DIRECTION('',(0.,0.,1.));
#338 = DIRECTION('',(0.,-1.,0.));
#339 = DEFINITIONAL_REPRESENTATION('',(#340),#344);
#340 = LINE('',#341,#342);
#341 = CARTESIAN_POINT('',(-0.,0.));
#342 = VECTOR('',#343,1.);
#343 = DIRECTION('',(-1.,0.));
#344 = ( GEOMETRIC_REPRESENTATION_CONTEXT(2) 
PARAMETRIC_REPRESENTATION_CONTEXT() REPRESENTATION_CONTEXT('2D SPACE',''
  ) );
#345 = ORIENTED_EDGE('',*,*,#346,.T.);
#346 = EDGE_CURVE('',#314,#347,#349,.T.);
#347 = VERTEX_POINT('',#348);
#348 = CARTESIAN_POINT('',(15.,57.,0.));
#349 = SURFACE_CURVE('',#350,(#354,#361),.PCURVE_S1.);
#350 = LINE('',#351,#352);
#351 = CARTESIAN_POINT('',(15.,15.,0.));
#352 = VECTOR('',#353,1.);
#353 = DIRECTION('',(0.,1.,0.));
#354 = PCURVE('',#44,#355);
#355 = DEFINITIONAL_REPRESENTATION('',(#356),#360);
#356 = LINE('',#357,#358);
#357 = CARTESIAN_POINT('',(-6.5625,-6.5625));
#358 = VECTOR('',#359,1.);
#359 = DIRECTION('',(0.,1.));
#360 = ( GEOMETRIC_REPRESENTATION_CONTEXT(2) 
PARAMETRIC_REPRESENTATION_CONTEXT() REPRESENTATION_CONTEXT('2D SPACE',''
  ) );
#361 = PCURVE('',#362,#367);
#362 = PLANE('',#363);
#363 = AXIS2_PLACEMENT_3D('',#364,#365,#366);
#364 = CARTESIAN_POINT('',(15.,15.,0.));
#365 = DIRECTION('',(-1.,0.,0.));
#366 = DIRECTION('',(0.,1.,0.));
#367 = DEFINITIONAL_REPRESENTATION('',(#368),#372);
#368 = LINE('',#369,#370);
#369 = CARTESIAN_POINT('',(0.,0.));
#370 = VECTOR('',#371,1.);
#371 = DIRECTION('',(1.,0.));
#372 = ( GEOMETRIC_REPRESENTATION_CONTEXT(2) 
PARAMETRIC_REPRESENTATION_CONTEXT() REPRESENTATION_CONTEXT('2D SPACE',''
  ) );
#373 = ORIENTED_EDGE('',*,*,#374,.F.);
#374 = EDGE_CURVE('',#375,#347,#377,.T.);
#375 = VERTEX_POINT('',#376);
#376 = CARTESIAN_POINT('',(12.,60.,0.));
#377 = SURFACE_CURVE('',#378,(#383,#394),.PCURVE_S1.);
#378 = CIRCLE('',#379,3.);
#379 = AXIS2_PLACEMENT_3D('',#380,#381,#382);
#380 = CARTESIAN_POINT('',(12.,57.,0.));
#381 = DIRECTION('',(-0.,-0.,-1.));
#382 = DIRECTION('',(0.,-1.,0.));
#383 = PCURVE('',#44,#384);
#384 = DEFINITIONAL_REPRESENTATION('',(#385),#393);
#385 = ( BOUNDED_CURVE() B_SPLINE_CURVE(2,(#386,#387,#388,#389,#390,#391
,#392),.UNSPECIFIED.,.T.,.F.) B_SPLINE_CURVE_WITH_KNOTS((1,2,2,2,2,1),(
    -2.094395102393,0.,2.094395102393,4.188790204786,6.28318530718,
8.377580409573),.UNSPECIFIED.) CURVE() GEOMETRIC_REPRESENTATION_ITEM() 
RATIONAL_B_SPLINE_CURVE((1.,0.5,1.,0.5,1.,0.5,1.)) REPRESENTATION_ITEM(
  '') );
#386 = CARTESIAN_POINT('',(-9.5625,32.4375));
#387 = CARTESIAN_POINT('',(-14.7586524227,32.4375));
#388 = CARTESIAN_POINT('',(-12.16057621135,36.9375));
#389 = CARTESIAN_POINT('',(-9.5625,41.4375));
#390 = CARTESIAN_POINT('',(-6.964423788647,36.9375));
#391 = CARTESIAN_POINT('',(-4.366347577293,32.4375));
#392 = CARTESIAN_POINT('',(-9.5625,32.4375));
#393 = ( GEOMETRIC_REPRESENTATION_CONTEXT(2) 
PARAMETRIC_REPRESENTATION_CONTEXT() REPRESENTATION_CONTEXT('2D SPACE',''
  ) );
#394 = PCURVE('',#395,#400);
#395 = CYLINDRICAL_SURFACE('',#396,3.);
#396 = AXIS2_PLACEMENT_3D('',#397,#398,#399);
#397 = CARTESIAN_POINT('',(12.,57.,0.));
#398 = DIRECTION('',(0.,0.,1.));
#399 = DIRECTION('',(-0.,1.,0.));
#400 = DEFINITIONAL_REPRESENTATION('',(#401),#405);
#401 = LINE('',#402,#403);
#402 = CARTESIAN_POINT('',(3.14159265359,-0.));
#403 = VECTOR('',#404,1.);
#404 = DIRECTION('',(-1.,0.));
#405 = ( GEOMETRIC_REPRESENTATION_CONTEXT(2) 
PARAMETRIC_REPRESENTATION_CONTEXT() REPRESENTATION_CONTEXT('2D SPACE',''
  ) );
#406 = ORIENTED_EDGE('',*,*,#407,.T.);
#407 = EDGE_CURVE('',#375,#408,#410,.T.);
#408 = VERTEX_POINT('',#409);
#409 = CARTESIAN_POINT('',(3.,60.,0.));
#410 = SURFACE_CURVE('',#411,(#415,#422),.PCURVE_S1.);
#411 = LINE('',#412,#413);
#412 = CARTESIAN_POINT('',(15.,60.,0.));
#413 = VECTOR('',#414,1.);
#414 = DIRECTION('',(-1.,0.,0.));
#415 = PCURVE('',#44,#416);
#416 = DEFINITIONAL_REPRESENTATION('',(#417),#421);
#417 = LINE('',#418,#419);
#418 = CARTESIAN_POINT('',(-6.5625,38.4375));
#419 = VECTOR('',#420,1.);
#420 = DIRECTION('',(-1.,0.));
#421 = ( GEOMETRIC_REPRESENTATION_CONTEXT(2) 
PARAMETRIC_REPRESENTATION_CONTEXT() REPRESENTATION_CONTEXT('2D SPACE',''
  ) );
#422 = PCURVE('',#423,#428);
#423 = PLANE('',#424);
#424 = AXIS2_PLACEMENT_3D('',#425,#426,#427);
#425 = CARTESIAN_POINT('',(15.,60.,0.));
#426 = DIRECTION('',(0.,-1.,0.));
#427 = DIRECTION('',(-1.,0.,0.));
#428 = DEFINITIONAL_REPRESENTATION('',(#429),#433);
#429 = LINE('',#430,#431);
#430 = CARTESIAN_POINT('',(0.,-0.));
#431 = VECTOR('',#432,1.);
#432 = DIRECTION('',(1.,0.));
#433 = ( GEOMETRIC_REPRESENTATION_CONTEXT(2) 
PARAMETRIC_REPRESENTATION_CONTEXT() REPRESENTATION_CONTEXT('2D SPACE',''
  ) );
#434 = ORIENTED_EDGE('',*,*,#435,.F.);
#435 = EDGE_CURVE('',#436,#408,#438,.T.);
#436 = VERTEX_POINT('',#437);
#437 = CARTESIAN_POINT('',(-4.440892098501E-16,57.,0.));
#438 = SURFACE_CURVE('',#439,(#444,#455),.PCURVE_S1.);
#439 = CIRCLE('',#440,3.);
#440 = AXIS2_PLACEMENT_3D('',#441,#442,#443);
#441 = CARTESIAN_POINT('',(3.,57.,0.));
#442 = DIRECTION('',(-0.,-0.,-1.));
#443 = DIRECTION('',(0.,-1.,0.));
#444 = PCURVE('',#44,#445);
#445 = DEFINITIONAL_REPRESENTATION('',(#446),#454);
#446 = ( BOUNDED_CURVE() B_SPLINE_CURVE(2,(#447,#448,#449,#450,#451,#452
,#453),.UNSPECIFIED.,.T.,.F.) B_SPLINE_CURVE_WITH_KNOTS((1,2,2,2,2,1),(
    -2.094395102393,0.,2.094395102393,4.188790204786,6.28318530718,
8.377580409573),.UNSPECIFIED.) CURVE() GEOMETRIC_REPRESENTATION_ITEM() 
RATIONAL_B_SPLINE_CURVE((1.,0.5,1.,0.5,1.,0.5,1.)) REPRESENTATION_ITEM(
  '') );
#447 = CARTESIAN_POINT('',(-18.5625,32.4375));
#448 = CARTESIAN_POINT('',(-23.7586524227,32.4375));
#449 = CARTESIAN_POINT('',(-21.16057621135,36.9375));
#450 = CARTESIAN_POINT('',(-18.5625,41.4375));
#451 = CARTESIAN_POINT('',(-15.96442378864,36.9375));
#452 = CARTESIAN_POINT('',(-13.36634757729,32.4375));
#453 = CARTESIAN_POINT('',(-18.5625,32.4375));
#454 = ( GEOMETRIC_REPRESENTATION_CONTEXT(2) 
PARAMETRIC_REPRESENTATION_CONTEXT() REPRESENTATION_CONTEXT('2D SPACE',''
  ) );
#455 = PCURVE('',#456,#461);
#456 = CYLINDRICAL_SURFACE('',#457,3.);
#457 = AXIS2_PLACEMENT_3D('',#458,#459,#460);
#458 = CARTESIAN_POINT('',(3.,57.,0.));
#459 = DIRECTION('',(0.,0.,1.));
#460 = DIRECTION('',(-1.,0.,0.));
#461 = DEFINITIONAL_REPRESENTATION('',(#462),#466);
#462 = LINE('',#463,#464);
#463 = CARTESIAN_POINT('',(1.570796326795,-0.));
#464 = VECTOR('',#465,1.);
#465 = DIRECTION('',(-1.,0.));
#466 = ( GEOMETRIC_REPRESENTATION_CONTEXT(2) 
PARAMETRIC_REPRESENTATION_CONTEXT() REPRESENTATION_CONTEXT('2D SPACE',''
  ) );
#467 = ORIENTED_EDGE('',*,*,#468,.T.);
#468 = EDGE_CURVE('',#436,#469,#471,.T.);
#469 = VERTEX_POINT('',#470);
#470 = CARTESIAN_POINT('',(-4.440892098501E-16,3.,0.));
#471 = SURFACE_CURVE('',#472,(#476,#483),.PCURVE_S1.);
#472 = LINE('',#473,#474);
#473 = CARTESIAN_POINT('',(0.,60.,0.));
#474 = VECTOR('',#475,1.);
#475 = DIRECTION('',(0.,-1.,0.));
#476 = PCURVE('',#44,#477);
#477 = DEFINITIONAL_REPRESENTATION('',(#478),#482);
#478 = LINE('',#479,#480);
#479 = CARTESIAN_POINT('',(-21.5625,38.4375));
#480 = VECTOR('',#481,1.);
#481 = DIRECTION('',(0.,-1.));
#482 = ( GEOMETRIC_REPRESENTATION_CONTEXT(2) 
PARAMETRIC_REPRESENTATION_CONTEXT() REPRESENTATION_CONTEXT('2D SPACE',''
  ) );
#483 = PCURVE('',#484,#489);
#484 = PLANE('',#485);
#485 = AXIS2_PLACEMENT_3D('',#486,#487,#488);
#486 = CARTESIAN_POINT('',(0.,60.,0.));
#487 = DIRECTION('',(1.,0.,-0.));
#488 = DIRECTION('',(0.,-1.,0.));
#489 = DEFINITIONAL_REPRESENTATION('',(#490),#494);
#490 = LINE('',#491,#492);
#491 = CARTESIAN_POINT('',(0.,0.));
#492 = VECTOR('',#493,1.);
#493 = DIRECTION('',(1.,0.));
#494 = ( GEOMETRIC_REPRESENTATION_CONTEXT(2) 
PARAMETRIC_REPRESENTATION_CONTEXT() REPRESENTATION_CONTEXT('2D SPACE',''
  ) );
#495 = ORIENTED_EDGE('',*,*,#496,.F.);
#496 = EDGE_CURVE('',#22,#469,#497,.T.);
#497 = SURFACE_CURVE('',#498,(#503,#514),.PCURVE_S1.);
#498 = CIRCLE('',#499,3.);
#499 = AXIS2_PLACEMENT_3D('',#500,#501,#502);
#500 = CARTESIAN_POINT('',(3.,3.,0.));
#501 = DIRECTION('',(-0.,-0.,-1.));
#502 = DIRECTION('',(0.,-1.,0.));
#503 = PCURVE('',#44,#504);
#504 = DEFINITIONAL_REPRESENTATION('',(#505),#513);
#505 = ( BOUNDED_CURVE() B_SPLINE_CURVE(2,(#506,#507,#508,#509,#510,#511
,#512),.UNSPECIFIED.,.T.,.F.) B_SPLINE_CURVE_WITH_KNOTS((1,2,2,2,2,1),(
    -2.094395102393,0.,2.094395102393,4.188790204786,6.28318530718,
8.377580409573),.UNSPECIFIED.) CURVE() GEOMETRIC_REPRESENTATION_ITEM() 
RATIONAL_B_SPLINE_CURVE((1.,0.5,1.,0.5,1.,0.5,1.)) REPRESENTATION_ITEM(
  '') );
#506 = CARTESIAN_POINT('',(-18.5625,-21.5625));
#507 = CARTESIAN_POINT('',(-23.7586524227,-21.5625));
#508 = CARTESIAN_POINT('',(-21.16057621135,-17.0625));
#509 = CARTESIAN_POINT('',(-18.5625,-12.5625));
#510 = CARTESIAN_POINT('',(-15.96442378864,-17.0625));
#511 = CARTESIAN_POINT('',(-13.36634757729,-21.5625));
#512 = CARTESIAN_POINT('',(-18.5625,-21.5625));
#513 = ( GEOMETRIC_REPRESENTATION_CONTEXT(2) 
PARAMETRIC_REPRESENTATION_CONTEXT() REPRESENTATION_CONTEXT('2D SPACE',''
  ) );
#514 = PCURVE('',#72,#515);
#515 = DEFINITIONAL_REPRESENTATION('',(#516),#520);
#516 = LINE('',#517,#518);
#517 = CARTESIAN_POINT('',(-0.,0.));
#518 = VECTOR('',#519,1.);
#519 = DIRECTION('',(-1.,0.));
#520 = ( GEOMETRIC_REPRESENTATION_CONTEXT(2) 
PARAMETRIC_REPRESENTATION_CONTEXT() REPRESENTATION_CONTEXT('2D SPACE',''
  ) );
#521 = ADVANCED_FACE('',(#522),#72,.T.);
#522 = FACE_BOUND('',#523,.F.);
#523 = EDGE_LOOP('',(#524,#525,#548,#574));
#524 = ORIENTED_EDGE('',*,*,#496,.T.);
#525 = ORIENTED_EDGE('',*,*,#526,.T.);
#526 = EDGE_CURVE('',#469,#527,#529,.T.);
#527 = VERTEX_POINT('',#528);
#528 = CARTESIAN_POINT('',(-4.440892098501E-16,3.,40.));
#529 = SURFACE_CURVE('',#530,(#534,#541),.PCURVE_S1.);
#530 = LINE('',#531,#532);
#531 = CARTESIAN_POINT('',(-4.440892098501E-16,3.,0.));
#532 = VECTOR('',#533,1.);
#533 = DIRECTION('',(0.,0.,1.));
#534 = PCURVE('',#72,#535);
#535 = DEFINITIONAL_REPRESENTATION('',(#536),#540);
#536 = LINE('',#537,#538);
#537 = CARTESIAN_POINT('',(-1.570796326795,0.));
#538 = VECTOR('',#539,1.);
#539 = DIRECTION('',(-0.,1.));
#540 = ( GEOMETRIC_REPRESENTATION_CONTEXT(2) 
PARAMETRIC_REPRESENTATION_CONTEXT() REPRESENTATION_CONTEXT('2D SPACE',''
  ) );
#541 = PCURVE('',#484,#542);
#542 = DEFINITIONAL_REPRESENTATION('',(#543),#547);
#543 = LINE('',#544,#545);
#544 = CARTESIAN_POINT('',(57.,-0.));
#545 = VECTOR('',#546,1.);
#546 = DIRECTION('',(0.,-1.));
#547 = ( GEOMETRIC_REPRESENTATION_CONTEXT(2) 
PARAMETRIC_REPRESENTATION_CONTEXT() REPRESENTATION_CONTEXT('2D SPACE',''
  ) );
#548 = ORIENTED_EDGE('',*,*,#549,.F.);
#549 = EDGE_CURVE('',#57,#527,#550,.T.);
#550 = SURFACE_CURVE('',#551,(#556,#563),.PCURVE_S1.);
#551 = CIRCLE('',#552,3.);
#552 = AXIS2_PLACEMENT_3D('',#553,#554,#555);
#553 = CARTESIAN_POINT('',(3.,3.,40.));
#554 = DIRECTION('',(-0.,-0.,-1.));
#555 = DIRECTION('',(0.,-1.,0.));
#556 = PCURVE('',#72,#557);
#557 = DEFINITIONAL_REPRESENTATION('',(#558),#562);
#558 = LINE('',#559,#560);
#559 = CARTESIAN_POINT('',(-0.,40.));
#560 = VECTOR('',#561,1.);
#561 = DIRECTION('',(-1.,0.));
#562 = ( GEOMETRIC_REPRESENTATION_CONTEXT(2) 
PARAMETRIC_REPRESENTATION_CONTEXT() REPRESENTATION_CONTEXT('2D SPACE',''
  ) );
#563 = PCURVE('',#100,#564);
#564 = DEFINITIONAL_REPRESENTATION('',(#565),#573);
#565 = ( BOUNDED_CURVE() B_SPLINE_CURVE(2,(#566,#567,#568,#569,#570,#571
,#572),.UNSPECIFIED.,.T.,.F.) B_SPLINE_CURVE_WITH_KNOTS((1,2,2,2,2,1),(
    -2.094395102393,0.,2.094395102393,4.188790204786,6.28318530718,
8.377580409573),.UNSPECIFIED.) CURVE() GEOMETRIC_REPRESENTATION_ITEM() 
RATIONAL_B_SPLINE_CURVE((1.,0.5,1.,0.5,1.,0.5,1.)) REPRESENTATION_ITEM(
  '') );
#566 = CARTESIAN_POINT('',(-18.5625,-21.5625));
#567 = CARTESIAN_POINT('',(-23.7586524227,-21.5625));
#568 = CARTESIAN_POINT('',(-21.16057621135,-17.0625));
#569 = CARTESIAN_POINT('',(-18.5625,-12.5625));
#570 = CARTESIAN_POINT('',(-15.96442378864,-17.0625));
#571 = CARTESIAN_POINT('',(-13.36634757729,-21.5625));
#572 = CARTESIAN_POINT('',(-18.5625,-21.5625));
#573 = ( GEOMETRIC_REPRESENTATION_CONTEXT(2) 
PARAMETRIC_REPRESENTATION_CONTEXT() REPRESENTATION_CONTEXT('2D SPACE',''
  ) );
#574 = ORIENTED_EDGE('',*,*,#56,.F.);
#575 = ADVANCED_FACE('',(#576),#126,.T.);
#576 = FACE_BOUND('',#577,.T.);
#577 = EDGE_LOOP('',(#578,#579,#602,#624));
#578 = ORIENTED_EDGE('',*,*,#204,.T.);
#579 = ORIENTED_EDGE('',*,*,#580,.T.);
#580 = EDGE_CURVE('',#205,#581,#583,.T.);
#581 = VERTEX_POINT('',#582);
#582 = CARTESIAN_POINT('',(60.,3.,40.));
#583 = SURFACE_CURVE('',#584,(#588,#595),.PCURVE_S1.);
#584 = LINE('',#585,#586);
#585 = CARTESIAN_POINT('',(60.,3.,0.));
#586 = VECTOR('',#587,1.);
#587 = DIRECTION('',(0.,0.,1.));
#588 = PCURVE('',#126,#589);
#589 = DEFINITIONAL_REPRESENTATION('',(#590),#594);
#590 = LINE('',#591,#592);
#591 = CARTESIAN_POINT('',(1.570796326795,0.));
#592 = VECTOR('',#593,1.);
#593 = DIRECTION('',(0.,1.));
#594 = ( GEOMETRIC_REPRESENTATION_CONTEXT(2) 
PARAMETRIC_REPRESENTATION_CONTEXT() REPRESENTATION_CONTEXT('2D SPACE',''
  ) );
#595 = PCURVE('',#244,#596);
#596 = DEFINITIONAL_REPRESENTATION('',(#597),#601);
#597 = LINE('',#598,#599);
#598 = CARTESIAN_POINT('',(3.,0.));
#599 = VECTOR('',#600,1.);
#600 = DIRECTION('',(0.,-1.));
#601 = ( GEOMETRIC_REPRESENTATION_CONTEXT(2) 
PARAMETRIC_REPRESENTATION_CONTEXT() REPRESENTATION_CONTEXT('2D SPACE',''
  ) );
#602 = ORIENTED_EDGE('',*,*,#603,.F.);
#603 = EDGE_CURVE('',#85,#581,#604,.T.);
#604 = SURFACE_CURVE('',#605,(#610,#617),.PCURVE_S1.);
#605 = CIRCLE('',#606,3.);
#606 = AXIS2_PLACEMENT_3D('',#607,#608,#609);
#607 = CARTESIAN_POINT('',(57.,3.,40.));
#608 = DIRECTION('',(0.,0.,1.));
#609 = DIRECTION('',(0.,-1.,0.));
#610 = PCURVE('',#126,#611);
#611 = DEFINITIONAL_REPRESENTATION('',(#612),#616);
#612 = LINE('',#613,#614);
#613 = CARTESIAN_POINT('',(0.,40.));
#614 = VECTOR('',#615,1.);
#615 = DIRECTION('',(1.,0.));
#616 = ( GEOMETRIC_REPRESENTATION_CONTEXT(2) 
PARAMETRIC_REPRESENTATION_CONTEXT() REPRESENTATION_CONTEXT('2D SPACE',''
  ) );
#617 = PCURVE('',#100,#618);
#618 = DEFINITIONAL_REPRESENTATION('',(#619),#623);
#619 = CIRCLE('',#620,3.);
#620 = AXIS2_PLACEMENT_2D('',#621,#622);
#621 = CARTESIAN_POINT('',(35.4375,-18.5625));
#622 = DIRECTION('',(0.,-1.));
#623 = ( GEOMETRIC_REPRESENTATION_CONTEXT(2) 
PARAMETRIC_REPRESENTATION_CONTEXT() REPRESENTATION_CONTEXT('2D SPACE',''
  ) );
#624 = ORIENTED_EDGE('',*,*,#112,.F.);
#625 = ADVANCED_FACE('',(#626),#100,.T.);
#626 = FACE_BOUND('',#627,.T.);
#627 = EDGE_LOOP('',(#628,#629,#630,#653,#677,#700,#733,#761,#794,#817,
    #845,#866));
#628 = ORIENTED_EDGE('',*,*,#84,.T.);
#629 = ORIENTED_EDGE('',*,*,#603,.T.);
#630 = ORIENTED_EDGE('',*,*,#631,.T.);
#631 = EDGE_CURVE('',#581,#632,#634,.T.);
#632 = VERTEX_POINT('',#633);
#633 = CARTESIAN_POINT('',(60.,12.,40.));
#634 = SURFACE_CURVE('',#635,(#639,#646),.PCURVE_S1.);
#635 = LINE('',#636,#637);
#636 = CARTESIAN_POINT('',(60.,0.,40.));
#637 = VECTOR('',#638,1.);
#638 = DIRECTION('',(0.,1.,0.));
#639 = PCURVE('',#100,#640);
#640 = DEFINITIONAL_REPRESENTATION('',(#641),#645);
#641 = LINE('',#642,#643);
#642 = CARTESIAN_POINT('',(38.4375,-21.5625));
#643 = VECTOR('',#644,1.);
#644 = DIRECTION('',(0.,1.));
#645 = ( GEOMETRIC_REPRESENTATION_CONTEXT(2) 
PARAMETRIC_REPRESENTATION_CONTEXT() REPRESENTATION_CONTEXT('2D SPACE',''
  ) );
#646 = PCURVE('',#244,#647);
#647 = DEFINITIONAL_REPRESENTATION('',(#648),#652);
#648 = LINE('',#649,#650);
#649 = CARTESIAN_POINT('',(0.,-40.));
#650 = VECTOR('',#651,1.);
#651 = DIRECTION('',(1.,0.));
#652 = ( GEOMETRIC_REPRESENTATION_CONTEXT(2) 
PARAMETRIC_REPRESENTATION_CONTEXT() REPRESENTATION_CONTEXT('2D SPACE',''
  ) );
#653 = ORIENTED_EDGE('',*,*,#654,.T.);
#654 = EDGE_CURVE('',#632,#655,#657,.T.);
#655 = VERTEX_POINT('',#656);
#656 = CARTESIAN_POINT('',(57.,15.,40.));
#657 = SURFACE_CURVE('',#658,(#663,#670),.PCURVE_S1.);
#658 = CIRCLE('',#659,3.);
#659 = AXIS2_PLACEMENT_3D('',#660,#661,#662);
#660 = CARTESIAN_POINT('',(57.,12.,40.));
#661 = DIRECTION('',(0.,0.,1.));
#662 = DIRECTION('',(0.,-1.,0.));
#663 = PCURVE('',#100,#664);
#664 = DEFINITIONAL_REPRESENTATION('',(#665),#669);
#665 = CIRCLE('',#666,3.);
#666 = AXIS2_PLACEMENT_2D('',#667,#668);
#667 = CARTESIAN_POINT('',(35.4375,-9.5625));
#668 = DIRECTION('',(0.,-1.));
#669 = ( GEOMETRIC_REPRESENTATION_CONTEXT(2) 
PARAMETRIC_REPRESENTATION_CONTEXT() REPRESENTATION_CONTEXT('2D SPACE',''
  ) );
#670 = PCURVE('',#273,#671);
#671 = DEFINITIONAL_REPRESENTATION('',(#672),#676);
#672 = LINE('',#673,#674);
#673 = CARTESIAN_POINT('',(-1.570796326795,40.));
#674 = VECTOR('',#675,1.);
#675 = DIRECTION('',(1.,0.));
#676 = ( GEOMETRIC_REPRESENTATION_CONTEXT(2) 
PARAMETRIC_REPRESENTATION_CONTEXT() REPRESENTATION_CONTEXT('2D SPACE',''
  ) );
#677 = ORIENTED_EDGE('',*,*,#678,.T.);
#678 = EDGE_CURVE('',#655,#679,#681,.T.);
#679 = VERTEX_POINT('',#680);
#680 = CARTESIAN_POINT('',(18.,15.,40.));
#681 = SURFACE_CURVE('',#682,(#686,#693),.PCURVE_S1.);
#682 = LINE('',#683,#684);
#683 = CARTESIAN_POINT('',(60.,15.,40.));
#684 = VECTOR('',#685,1.);
#685 = DIRECTION('',(-1.,0.,0.));
#686 = PCURVE('',#100,#687);
#687 = DEFINITIONAL_REPRESENTATION('',(#688),#692);
#688 = LINE('',#689,#690);
#689 = CARTESIAN_POINT('',(38.4375,-6.5625));
#690 = VECTOR('',#691,1.);
#691 = DIRECTION('',(-1.,0.));
#692 = ( GEOMETRIC_REPRESENTATION_CONTEXT(2) 
PARAMETRIC_REPRESENTATION_CONTEXT() REPRESENTATION_CONTEXT('2D SPACE',''
  ) );
#693 = PCURVE('',#301,#694);
#694 = DEFINITIONAL_REPRESENTATION('',(#695),#699);
#695 = LINE('',#696,#697);
#696 = CARTESIAN_POINT('',(0.,-40.));
#697 = VECTOR('',#698,1.);
#698 = DIRECTION('',(1.,0.));
#699 = ( GEOMETRIC_REPRESENTATION_CONTEXT(2) 
PARAMETRIC_REPRESENTATION_CONTEXT() REPRESENTATION_CONTEXT('2D SPACE',''
  ) );
#700 = ORIENTED_EDGE('',*,*,#701,.T.);
#701 = EDGE_CURVE('',#679,#702,#704,.T.);
#702 = VERTEX_POINT('',#703);
#703 = CARTESIAN_POINT('',(15.,18.,40.));
#704 = SURFACE_CURVE('',#705,(#710,#721),.PCURVE_S1.);
#705 = CIRCLE('',#706,3.);
#706 = AXIS2_PLACEMENT_3D('',#707,#708,#709);
#707 = CARTESIAN_POINT('',(18.,18.,40.));
#708 = DIRECTION('',(-0.,-0.,-1.));
#709 = DIRECTION('',(0.,-1.,0.));
#710 = PCURVE('',#100,#711);
#711 = DEFINITIONAL_REPRESENTATION('',(#712),#720);
#712 = ( BOUNDED_CURVE() B_SPLINE_CURVE(2,(#713,#714,#715,#716,#717,#718
,#719),.UNSPECIFIED.,.T.,.F.) B_SPLINE_CURVE_WITH_KNOTS((1,2,2,2,2,1),(
    -2.094395102393,0.,2.094395102393,4.188790204786,6.28318530718,
8.377580409573),.UNSPECIFIED.) CURVE() GEOMETRIC_REPRESENTATION_ITEM() 
RATIONAL_B_SPLINE_CURVE((1.,0.5,1.,0.5,1.,0.5,1.)) REPRESENTATION_ITEM(
  '') );
#713 = CARTESIAN_POINT('',(-3.5625,-6.5625));
#714 = CARTESIAN_POINT('',(-8.758652422707,-6.5625));
#715 = CARTESIAN_POINT('',(-6.160576211353,-2.0625));
#716 = CARTESIAN_POINT('',(-3.5625,2.4375));
#717 = CARTESIAN_POINT('',(-0.964423788647,-2.0625));
#718 = CARTESIAN_POINT('',(1.633652422707,-6.5625));
#719 = CARTESIAN_POINT('',(-3.5625,-6.5625));
#720 = ( GEOMETRIC_REPRESENTATION_CONTEXT(2) 
PARAMETRIC_REPRESENTATION_CONTEXT() REPRESENTATION_CONTEXT('2D SPACE',''
  ) );
#721 = PCURVE('',#722,#727);
#722 = CYLINDRICAL_SURFACE('',#723,3.);
#723 = AXIS2_PLACEMENT_3D('',#724,#725,#726);
#724 = CARTESIAN_POINT('',(18.,18.,24.));
#725 = DIRECTION('',(0.,0.,1.));
#726 = DIRECTION('',(0.,-1.,0.));
#727 = DEFINITIONAL_REPRESENTATION('',(#728),#732);
#728 = LINE('',#729,#730);
#729 = CARTESIAN_POINT('',(-0.,16.));
#730 = VECTOR('',#731,1.);
#731 = DIRECTION('',(-1.,0.));
#732 = ( GEOMETRIC_REPRESENTATION_CONTEXT(2) 
PARAMETRIC_REPRESENTATION_CONTEXT() REPRESENTATION_CONTEXT('2D SPACE',''
  ) );
#733 = ORIENTED_EDGE('',*,*,#734,.T.);
#734 = EDGE_CURVE('',#702,#735,#737,.T.);
#735 = VERTEX_POINT('',#736);
#736 = CARTESIAN_POINT('',(15.,57.,40.));
#737 = SURFACE_CURVE('',#738,(#742,#749),.PCURVE_S1.);
#738 = LINE('',#739,#740);
#739 = CARTESIAN_POINT('',(15.,15.,40.));
#740 = VECTOR('',#741,1.);
#741 = DIRECTION('',(0.,1.,0.));
#742 = PCURVE('',#100,#743);
#743 = DEFINITIONAL_REPRESENTATION('',(#744),#748);
#744 = LINE('',#745,#746);
#745 = CARTESIAN_POINT('',(-6.5625,-6.5625));
#746 = VECTOR('',#747,1.);
#747 = DIRECTION('',(0.,1.));
#748 = ( GEOMETRIC_REPRESENTATION_CONTEXT(2) 
PARAMETRIC_REPRESENTATION_CONTEXT() REPRESENTATION_CONTEXT('2D SPACE',''
  ) );
#749 = PCURVE('',#750,#755);
#750 = PLANE('',#751);
#751 = AXIS2_PLACEMENT_3D('',#752,#753,#754);
#752 = CARTESIAN_POINT('',(15.,15.,0.));
#753 = DIRECTION('',(-1.,0.,0.));
#754 = DIRECTION('',(0.,1.,0.));
#755 = DEFINITIONAL_REPRESENTATION('',(#756),#760);
#756 = LINE('',#757,#758);
#757 = CARTESIAN_POINT('',(0.,-40.));
#758 = VECTOR('',#759,1.);
#759 = DIRECTION('',(1.,0.));
#760 = ( GEOMETRIC_REPRESENTATION_CONTEXT(2) 
PARAMETRIC_REPRESENTATION_CONTEXT() REPRESENTATION_CONTEXT('2D SPACE',''
  ) );
#761 = ORIENTED_EDGE('',*,*,#762,.F.);
#762 = EDGE_CURVE('',#763,#735,#765,.T.);
#763 = VERTEX_POINT('',#764);
#764 = CARTESIAN_POINT('',(12.,60.,40.));
#765 = SURFACE_CURVE('',#766,(#771,#782),.PCURVE_S1.);
#766 = CIRCLE('',#767,3.);
#767 = AXIS2_PLACEMENT_3D('',#768,#769,#770);
#768 = CARTESIAN_POINT('',(12.,57.,40.));
#769 = DIRECTION('',(-0.,-0.,-1.));
#770 = DIRECTION('',(0.,-1.,0.));
#771 = PCURVE('',#100,#772);
#772 = DEFINITIONAL_REPRESENTATION('',(#773),#781);
#773 = ( BOUNDED_CURVE() B_SPLINE_CURVE(2,(#774,#775,#776,#777,#778,#779
,#780),.UNSPECIFIED.,.T.,.F.) B_SPLINE_CURVE_WITH_KNOTS((1,2,2,2,2,1),(
    -2.094395102393,0.,2.094395102393,4.188790204786,6.28318530718,
8.377580409573),.UNSPECIFIED.) CURVE() GEOMETRIC_REPRESENTATION_ITEM() 
RATIONAL_B_SPLINE_CURVE((1.,0.5,1.,0.5,1.,0.5,1.)) REPRESENTATION_ITEM(
  '') );
#774 = CARTESIAN_POINT('',(-9.5625,32.4375));
#775 = CARTESIAN_POINT('',(-14.7586524227,32.4375));
#776 = CARTESIAN_POINT('',(-12.16057621135,36.9375));
#777 = CARTESIAN_POINT('',(-9.5625,41.4375));
#778 = CARTESIAN_POINT('',(-6.964423788647,36.9375));
#779 = CARTESIAN_POINT('',(-4.366347577293,32.4375));
#780 = CARTESIAN_POINT('',(-9.5625,32.4375));
#781 = ( GEOMETRIC_REPRESENTATION_CONTEXT(2) 
PARAMETRIC_REPRESENTATION_CONTEXT() REPRESENTATION_CONTEXT('2D SPACE',''
  ) );
#782 = PCURVE('',#783,#788);
#783 = CYLINDRICAL_SURFACE('',#784,3.);
#784 = AXIS2_PLACEMENT_3D('',#785,#786,#787);
#785 = CARTESIAN_POINT('',(12.,57.,24.));
#786 = DIRECTION('',(0.,0.,1.));
#787 = DIRECTION('',(-0.,1.,0.));
#788 = DEFINITIONAL_REPRESENTATION('',(#789),#793);
#789 = LINE('',#790,#791);
#790 = CARTESIAN_POINT('',(3.14159265359,16.));
#791 = VECTOR('',#792,1.);
#792 = DIRECTION('',(-1.,0.));
#793 = ( GEOMETRIC_REPRESENTATION_CONTEXT(2) 
PARAMETRIC_REPRESENTATION_CONTEXT() REPRESENTATION_CONTEXT('2D SPACE',''
  ) );
#794 = ORIENTED_EDGE('',*,*,#795,.T.);
#795 = EDGE_CURVE('',#763,#796,#798,.T.);
#796 = VERTEX_POINT('',#797);
#797 = CARTESIAN_POINT('',(3.,60.,40.));
#798 = SURFACE_CURVE('',#799,(#803,#810),.PCURVE_S1.);
#799 = LINE('',#800,#801);
#800 = CARTESIAN_POINT('',(15.,60.,40.));
#801 = VECTOR('',#802,1.);
#802 = DIRECTION('',(-1.,0.,0.));
#803 = PCURVE('',#100,#804);
#804 = DEFINITIONAL_REPRESENTATION('',(#805),#809);
#805 = LINE('',#806,#807);
#806 = CARTESIAN_POINT('',(-6.5625,38.4375));
#807 = VECTOR('',#808,1.);
#808 = DIRECTION('',(-1.,0.));
#809 = ( GEOMETRIC_REPRESENTATION_CONTEXT(2) 
PARAMETRIC_REPRESENTATION_CONTEXT() REPRESENTATION_CONTEXT('2D SPACE',''
  ) );
#810 = PCURVE('',#423,#811);
#811 = DEFINITIONAL_REPRESENTATION('',(#812),#816);
#812 = LINE('',#813,#814);
#813 = CARTESIAN_POINT('',(0.,-40.));
#814 = VECTOR('',#815,1.);
#815 = DIRECTION('',(1.,0.));
#816 = ( GEOMETRIC_REPRESENTATION_CONTEXT(2) 
PARAMETRIC_REPRESENTATION_CONTEXT() REPRESENTATION_CONTEXT('2D SPACE',''
  ) );
#817 = ORIENTED_EDGE('',*,*,#818,.F.);
#818 = EDGE_CURVE('',#819,#796,#821,.T.);
#819 = VERTEX_POINT('',#820);
#820 = CARTESIAN_POINT('',(-4.440892098501E-16,57.,40.));
#821 = SURFACE_CURVE('',#822,(#827,#838),.PCURVE_S1.);
#822 = CIRCLE('',#823,3.);
#823 = AXIS2_PLACEMENT_3D('',#824,#825,#826);
#824 = CARTESIAN_POINT('',(3.,57.,40.));
#825 = DIRECTION('',(-0.,-0.,-1.));
#826 = DIRECTION('',(0.,-1.,0.));
#827 = PCURVE('',#100,#828);
#828 = DEFINITIONAL_REPRESENTATION('',(#829),#837);
#829 = ( BOUNDED_CURVE() B_SPLINE_CURVE(2,(#830,#831,#832,#833,#834,#835
,#836),.UNSPECIFIED.,.T.,.F.) B_SPLINE_CURVE_WITH_KNOTS((1,2,2,2,2,1),(
    -2.094395102393,0.,2.094395102393,4.188790204786,6.28318530718,
8.377580409573),.UNSPECIFIED.) CURVE() GEOMETRIC_REPRESENTATION_ITEM() 
RATIONAL_B_SPLINE_CURVE((1.,0.5,1.,0.5,1.,0.5,1.)) REPRESENTATION_ITEM(
  '') );
#830 = CARTESIAN_POINT('',(-18.5625,32.4375));
#831 = CARTESIAN_POINT('',(-23.7586524227,32.4375));
#832 = CARTESIAN_POINT('',(-21.16057621135,36.9375));
#833 = CARTESIAN_POINT('',(-18.5625,41.4375));
#834 = CARTESIAN_POINT('',(-15.96442378864,36.9375));
#835 = CARTESIAN_POINT('',(-13.36634757729,32.4375));
#836 = CARTESIAN_POINT('',(-18.5625,32.4375));
#837 = ( GEOMETRIC_REPRESENTATION_CONTEXT(2) 
PARAMETRIC_REPRESENTATION_CONTEXT() REPRESENTATION_CONTEXT('2D SPACE',''
  ) );
#838 = PCURVE('',#456,#839);
#839 = DEFINITIONAL_REPRESENTATION('',(#840),#844);
#840 = LINE('',#841,#842);
#841 = CARTESIAN_POINT('',(1.570796326795,40.));
#842 = VECTOR('',#843,1.);
#843 = DIRECTION('',(-1.,0.));
#844 = ( GEOMETRIC_REPRESENTATION_CONTEXT(2) 
PARAMETRIC_REPRESENTATION_CONTEXT() REPRESENTATION_CONTEXT('2D SPACE',''
  ) );
#845 = ORIENTED_EDGE('',*,*,#846,.T.);
#846 = EDGE_CURVE('',#819,#527,#847,.T.);
#847 = SURFACE_CURVE('',#848,(#852,#859),.PCURVE_S1.);
#848 = LINE('',#849,#850);
#849 = CARTESIAN_POINT('',(0.,60.,40.));
#850 = VECTOR('',#851,1.);
#851 = DIRECTION('',(0.,-1.,0.));
#852 = PCURVE('',#100,#853);
#853 = DEFINITIONAL_REPRESENTATION('',(#854),#858);
#854 = LINE('',#855,#856);
#855 = CARTESIAN_POINT('',(-21.5625,38.4375));
#856 = VECTOR('',#857,1.);
#857 = DIRECTION('',(0.,-1.));
#858 = ( GEOMETRIC_REPRESENTATION_CONTEXT(2) 
PARAMETRIC_REPRESENTATION_CONTEXT() REPRESENTATION_CONTEXT('2D SPACE',''
  ) );
#859 = PCURVE('',#484,#860);
#860 = DEFINITIONAL_REPRESENTATION('',(#861),#865);
#861 = LINE('',#862,#863);
#862 = CARTESIAN_POINT('',(0.,-40.));
#863 = VECTOR('',#864,1.);
#864 = DIRECTION('',(1.,0.));
#865 = ( GEOMETRIC_REPRESENTATION_CONTEXT(2) 
PARAMETRIC_REPRESENTATION_CONTEXT() REPRESENTATION_CONTEXT('2D SPACE',''
  ) );
#866 = ORIENTED_EDGE('',*,*,#549,.F.);
#867 = ADVANCED_FACE('',(#868),#157,.F.);
#868 = FACE_BOUND('',#869,.F.);
#869 = EDGE_LOOP('',(#870,#899,#920,#921));
#870 = ORIENTED_EDGE('',*,*,#871,.F.);
#871 = EDGE_CURVE('',#872,#872,#874,.T.);
#872 = VERTEX_POINT('',#873);
#873 = CARTESIAN_POINT('',(8.,4.,20.));
#874 = SURFACE_CURVE('',#875,(#880,#887),.PCURVE_S1.);
#875 = CIRCLE('',#876,7.);
#876 = AXIS2_PLACEMENT_3D('',#877,#878,#879);
#877 = CARTESIAN_POINT('',(15.,4.,20.));
#878 = DIRECTION('',(0.,1.,-0.));
#879 = DIRECTION('',(-1.,0.,0.));
#880 = PCURVE('',#157,#881);
#881 = DEFINITIONAL_REPRESENTATION('',(#882),#886);
#882 = LINE('',#883,#884);
#883 = CARTESIAN_POINT('',(0.,4.));
#884 = VECTOR('',#885,1.);
#885 = DIRECTION('',(1.,0.));
#886 = ( GEOMETRIC_REPRESENTATION_CONTEXT(2) 
PARAMETRIC_REPRESENTATION_CONTEXT() REPRESENTATION_CONTEXT('2D SPACE',''
  ) );
#887 = PCURVE('',#888,#893);
#888 = PLANE('',#889);
#889 = AXIS2_PLACEMENT_3D('',#890,#891,#892);
#890 = CARTESIAN_POINT('',(15.,4.,20.));
#891 = DIRECTION('',(0.,1.,0.));
#892 = DIRECTION('',(-1.,0.,0.));
#893 = DEFINITIONAL_REPRESENTATION('',(#894),#898);
#894 = CIRCLE('',#895,7.);
#895 = AXIS2_PLACEMENT_2D('',#896,#897);
#896 = CARTESIAN_POINT('',(0.,0.));
#897 = DIRECTION('',(1.,0.));
#898 = ( GEOMETRIC_REPRESENTATION_CONTEXT(2) 
PARAMETRIC_REPRESENTATION_CONTEXT() REPRESENTATION_CONTEXT('2D SPACE',''
  ) );
#899 = ORIENTED_EDGE('',*,*,#900,.F.);
#900 = EDGE_CURVE('',#141,#872,#901,.T.);
#901 = SEAM_CURVE('',#902,(#906,#913),.PCURVE_S1.);
#902 = LINE('',#903,#904);
#903 = CARTESIAN_POINT('',(8.,0.,20.));
#904 = VECTOR('',#905,1.);
#905 = DIRECTION('',(0.,1.,0.));
#906 = PCURVE('',#157,#907);
#907 = DEFINITIONAL_REPRESENTATION('',(#908),#912);
#908 = LINE('',#909,#910);
#909 = CARTESIAN_POINT('',(6.28318530718,-0.));
#910 = VECTOR('',#911,1.);
#911 = DIRECTION('',(0.,1.));
#912 = ( GEOMETRIC_REPRESENTATION_CONTEXT(2) 
PARAMETRIC_REPRESENTATION_CONTEXT() REPRESENTATION_CONTEXT('2D SPACE',''
  ) );
#913 = PCURVE('',#157,#914);
#914 = DEFINITIONAL_REPRESENTATION('',(#915),#919);
#915 = LINE('',#916,#917);
#916 = CARTESIAN_POINT('',(0.,-0.));
#917 = VECTOR('',#918,1.);
#918 = DIRECTION('',(0.,1.));
#919 = ( GEOMETRIC_REPRESENTATION_CONTEXT(2) 
PARAMETRIC_REPRESENTATION_CONTEXT() REPRESENTATION_CONTEXT('2D SPACE',''
  ) );
#920 = ORIENTED_EDGE('',*,*,#140,.T.);
#921 = ORIENTED_EDGE('',*,*,#900,.T.);
#922 = ADVANCED_FACE('',(#923),#188,.F.);
#923 = FACE_BOUND('',#924,.F.);
#924 = EDGE_LOOP('',(#925,#954,#975,#976));
#925 = ORIENTED_EDGE('',*,*,#926,.F.);
#926 = EDGE_CURVE('',#927,#927,#929,.T.);
#927 = VERTEX_POINT('',#928);
#928 = CARTESIAN_POINT('',(38.,4.,20.));
#929 = SURFACE_CURVE('',#930,(#935,#942),.PCURVE_S1.);
#930 = CIRCLE('',#931,7.);
#931 = AXIS2_PLACEMENT_3D('',#932,#933,#934);
#932 = CARTESIAN_POINT('',(45.,4.,20.));
#933 = DIRECTION('',(0.,1.,-0.));
#934 = DIRECTION('',(-1.,0.,0.));
#935 = PCURVE('',#188,#936);
#936 = DEFINITIONAL_REPRESENTATION('',(#937),#941);
#937 = LINE('',#938,#939);
#938 = CARTESIAN_POINT('',(0.,4.));
#939 = VECTOR('',#940,1.);
#940 = DIRECTION('',(1.,0.));
#941 = ( GEOMETRIC_REPRESENTATION_CONTEXT(2) 
PARAMETRIC_REPRESENTATION_CONTEXT() REPRESENTATION_CONTEXT('2D SPACE',''
  ) );
#942 = PCURVE('',#943,#948);
#943 = PLANE('',#944);
#944 = AXIS2_PLACEMENT_3D('',#945,#946,#947);
#945 = CARTESIAN_POINT('',(45.,4.,20.));
#946 = DIRECTION('',(0.,1.,0.));
#947 = DIRECTION('',(-1.,0.,0.));
#948 = DEFINITIONAL_REPRESENTATION('',(#949),#953);
#949 = CIRCLE('',#950,7.);
#950 = AXIS2_PLACEMENT_2D('',#951,#952);
#951 = CARTESIAN_POINT('',(0.,0.));
#952 = DIRECTION('',(1.,0.));
#953 = ( GEOMETRIC_REPRESENTATION_CONTEXT(2) 
PARAMETRIC_REPRESENTATION_CONTEXT() REPRESENTATION_CONTEXT('2D SPACE',''
  ) );
#954 = ORIENTED_EDGE('',*,*,#955,.F.);
#955 = EDGE_CURVE('',#172,#927,#956,.T.);
#956 = SEAM_CURVE('',#957,(#961,#968),.PCURVE_S1.);
#957 = LINE('',#958,#959);
#958 = CARTESIAN_POINT('',(38.,0.,20.));
#959 = VECTOR('',#960,1.);
#960 = DIRECTION('',(0.,1.,0.));
#961 = PCURVE('',#188,#962);
#962 = DEFINITIONAL_REPRESENTATION('',(#963),#967);
#963 = LINE('',#964,#965);
#964 = CARTESIAN_POINT('',(6.28318530718,-0.));
#965 = VECTOR('',#966,1.);
#966 = DIRECTION('',(0.,1.));
#967 = ( GEOMETRIC_REPRESENTATION_CONTEXT(2) 
PARAMETRIC_REPRESENTATION_CONTEXT() REPRESENTATION_CONTEXT('2D SPACE',''
  ) );
#968 = PCURVE('',#188,#969);
#969 = DEFINITIONAL_REPRESENTATION('',(#970),#974);
#970 = LINE('',#971,#972);
#971 = CARTESIAN_POINT('',(0.,-0.));
#972 = VECTOR('',#973,1.);
#973 = DIRECTION('',(0.,1.));
#974 = ( GEOMETRIC_REPRESENTATION_CONTEXT(2) 
PARAMETRIC_REPRESENTATION_CONTEXT() REPRESENTATION_CONTEXT('2D SPACE',''
  ) );
#975 = ORIENTED_EDGE('',*,*,#171,.T.);
#976 = ORIENTED_EDGE('',*,*,#955,.T.);
#977 = ADVANCED_FACE('',(#978),#484,.F.);
#978 = FACE_BOUND('',#979,.F.);
#979 = EDGE_LOOP('',(#980,#981,#1002,#1003));
#980 = ORIENTED_EDGE('',*,*,#468,.F.);
#981 = ORIENTED_EDGE('',*,*,#982,.T.);
#982 = EDGE_CURVE('',#436,#819,#983,.T.);
#983 = SURFACE_CURVE('',#984,(#988,#995),.PCURVE_S1.);
#984 = LINE('',#985,#986);
#985 = CARTESIAN_POINT('',(-4.440892098501E-16,57.,0.));
#986 = VECTOR('',#987,1.);
#987 = DIRECTION('',(0.,0.,1.));
#988 = PCURVE('',#484,#989);
#989 = DEFINITIONAL_REPRESENTATION('',(#990),#994);
#990 = LINE('',#991,#992);
#991 = CARTESIAN_POINT('',(3.,-0.));
#992 = VECTOR('',#993,1.);
#993 = DIRECTION('',(0.,-1.));
#994 = ( GEOMETRIC_REPRESENTATION_CONTEXT(2) 
PARAMETRIC_REPRESENTATION_CONTEXT() REPRESENTATION_CONTEXT('2D SPACE',''
  ) );
#995 = PCURVE('',#456,#996);
#996 = DEFINITIONAL_REPRESENTATION('',(#997),#1001);
#997 = LINE('',#998,#999);
#998 = CARTESIAN_POINT('',(-0.,0.));
#999 = VECTOR('',#1000,1.);
#1000 = DIRECTION('',(-0.,1.));
#1001 = ( GEOMETRIC_REPRESENTATION_CONTEXT(2) 
PARAMETRIC_REPRESENTATION_CONTEXT() REPRESENTATION_CONTEXT('2D SPACE',''
  ) );
#1002 = ORIENTED_EDGE('',*,*,#846,.T.);
#1003 = ORIENTED_EDGE('',*,*,#526,.F.);
#1004 = ADVANCED_FACE('',(#1005),#244,.F.);
#1005 = FACE_BOUND('',#1006,.F.);
#1006 = EDGE_LOOP('',(#1007,#1008,#1009,#1010));
#1007 = ORIENTED_EDGE('',*,*,#228,.F.);
#1008 = ORIENTED_EDGE('',*,*,#580,.T.);
#1009 = ORIENTED_EDGE('',*,*,#631,.T.);
#1010 = ORIENTED_EDGE('',*,*,#1011,.F.);
#1011 = EDGE_CURVE('',#229,#632,#1012,.T.);
#1012 = SURFACE_CURVE('',#1013,(#1017,#1024),.PCURVE_S1.);
#1013 = LINE('',#1014,#1015);
#1014 = CARTESIAN_POINT('',(60.,12.,0.));
#1015 = VECTOR('',#1016,1.);
#1016 = DIRECTION('',(0.,0.,1.));
#1017 = PCURVE('',#244,#1018);
#1018 = DEFINITIONAL_REPRESENTATION('',(#1019),#1023);
#1019 = LINE('',#1020,#1021);
#1020 = CARTESIAN_POINT('',(12.,0.));
#1021 = VECTOR('',#1022,1.);
#1022 = DIRECTION('',(0.,-1.));
#1023 = ( GEOMETRIC_REPRESENTATION_CONTEXT(2) 
PARAMETRIC_REPRESENTATION_CONTEXT() REPRESENTATION_CONTEXT('2D SPACE',''
  ) );
#1024 = PCURVE('',#273,#1025);
#1025 = DEFINITIONAL_REPRESENTATION('',(#1026),#1030);
#1026 = LINE('',#1027,#1028);
#1027 = CARTESIAN_POINT('',(0.,0.));
#1028 = VECTOR('',#1029,1.);
#1029 = DIRECTION('',(0.,1.));
#1030 = ( GEOMETRIC_REPRESENTATION_CONTEXT(2) 
PARAMETRIC_REPRESENTATION_CONTEXT() REPRESENTATION_CONTEXT('2D SPACE',''
  ) );
#1031 = ADVANCED_FACE('',(#1032),#456,.T.);
#1032 = FACE_BOUND('',#1033,.F.);
#1033 = EDGE_LOOP('',(#1034,#1035,#1056,#1057));
#1034 = ORIENTED_EDGE('',*,*,#435,.T.);
#1035 = ORIENTED_EDGE('',*,*,#1036,.T.);
#1036 = EDGE_CURVE('',#408,#796,#1037,.T.);
#1037 = SURFACE_CURVE('',#1038,(#1042,#1049),.PCURVE_S1.);
#1038 = LINE('',#1039,#1040);
#1039 = CARTESIAN_POINT('',(3.,60.,0.));
#1040 = VECTOR('',#1041,1.);
#1041 = DIRECTION('',(0.,0.,1.));
#1042 = PCURVE('',#456,#1043);
#1043 = DEFINITIONAL_REPRESENTATION('',(#1044),#1048);
#1044 = LINE('',#1045,#1046);
#1045 = CARTESIAN_POINT('',(-1.570796326795,0.));
#1046 = VECTOR('',#1047,1.);
#1047 = DIRECTION('',(-0.,1.));
#1048 = ( GEOMETRIC_REPRESENTATION_CONTEXT(2) 
PARAMETRIC_REPRESENTATION_CONTEXT() REPRESENTATION_CONTEXT('2D SPACE',''
  ) );
#1049 = PCURVE('',#423,#1050);
#1050 = DEFINITIONAL_REPRESENTATION('',(#1051),#1055);
#1051 = LINE('',#1052,#1053);
#1052 = CARTESIAN_POINT('',(12.,0.));
#1053 = VECTOR('',#1054,1.);
#1054 = DIRECTION('',(0.,-1.));
#1055 = ( GEOMETRIC_REPRESENTATION_CONTEXT(2) 
PARAMETRIC_REPRESENTATION_CONTEXT() REPRESENTATION_CONTEXT('2D SPACE',''
  ) );
#1056 = ORIENTED_EDGE('',*,*,#818,.F.);
#1057 = ORIENTED_EDGE('',*,*,#982,.F.);
#1058 = ADVANCED_FACE('',(#1059),#273,.T.);
#1059 = FACE_BOUND('',#1060,.T.);
#1060 = EDGE_LOOP('',(#1061,#1062,#1083,#1084));
#1061 = ORIENTED_EDGE('',*,*,#256,.T.);
#1062 = ORIENTED_EDGE('',*,*,#1063,.T.);
#1063 = EDGE_CURVE('',#257,#655,#1064,.T.);
#1064 = SURFACE_CURVE('',#1065,(#1069,#1076),.PCURVE_S1.);
#1065 = LINE('',#1066,#1067);
#1066 = CARTESIAN_POINT('',(57.,15.,0.));
#1067 = VECTOR('',#1068,1.);
#1068 = DIRECTION('',(0.,0.,1.));
#1069 = PCURVE('',#273,#1070);
#1070 = DEFINITIONAL_REPRESENTATION('',(#1071),#1075);
#1071 = LINE('',#1072,#1073);
#1072 = CARTESIAN_POINT('',(1.570796326795,0.));
#1073 = VECTOR('',#1074,1.);
#1074 = DIRECTION('',(0.,1.));
#1075 = ( GEOMETRIC_REPRESENTATION_CONTEXT(2) 
PARAMETRIC_REPRESENTATION_CONTEXT() REPRESENTATION_CONTEXT('2D SPACE',''
  ) );
#1076 = PCURVE('',#301,#1077);
#1077 = DEFINITIONAL_REPRESENTATION('',(#1078),#1082);
#1078 = LINE('',#1079,#1080);
#1079 = CARTESIAN_POINT('',(3.,0.));
#1080 = VECTOR('',#1081,1.);
#1081 = DIRECTION('',(0.,-1.));
#1082 = ( GEOMETRIC_REPRESENTATION_CONTEXT(2) 
PARAMETRIC_REPRESENTATION_CONTEXT() REPRESENTATION_CONTEXT('2D SPACE',''
  ) );
#1083 = ORIENTED_EDGE('',*,*,#654,.F.);
#1084 = ORIENTED_EDGE('',*,*,#1011,.F.);
#1085 = ADVANCED_FACE('',(#1086),#423,.F.);
#1086 = FACE_BOUND('',#1087,.F.);
#1087 = EDGE_LOOP('',(#1088,#1089,#1112,#1145,#1173,#1194,#1195));
#1088 = ORIENTED_EDGE('',*,*,#407,.F.);
#1089 = ORIENTED_EDGE('',*,*,#1090,.T.);
#1090 = EDGE_CURVE('',#375,#1091,#1093,.T.);
#1091 = VERTEX_POINT('',#1092);
#1092 = CARTESIAN_POINT('',(12.,60.,17.354248688935));
#1093 = SURFACE_CURVE('',#1094,(#1098,#1105),.PCURVE_S1.);
#1094 = LINE('',#1095,#1096);
#1095 = CARTESIAN_POINT('',(12.,60.,0.));
#1096 = VECTOR('',#1097,1.);
#1097 = DIRECTION('',(0.,0.,1.));
#1098 = PCURVE('',#423,#1099);
#1099 = DEFINITIONAL_REPRESENTATION('',(#1100),#1104);
#1100 = LINE('',#1101,#1102);
#1101 = CARTESIAN_POINT('',(3.,0.));
#1102 = VECTOR('',#1103,1.);
#1103 = DIRECTION('',(0.,-1.));
#1104 = ( GEOMETRIC_REPRESENTATION_CONTEXT(2) 
PARAMETRIC_REPRESENTATION_CONTEXT() REPRESENTATION_CONTEXT('2D SPACE',''
  ) );
#1105 = PCURVE('',#395,#1106);
#1106 = DEFINITIONAL_REPRESENTATION('',(#1107),#1111);
#1107 = LINE('',#1108,#1109);
#1108 = CARTESIAN_POINT('',(-0.,0.));
#1109 = VECTOR('',#1110,1.);
#1110 = DIRECTION('',(-0.,1.));
#1111 = ( GEOMETRIC_REPRESENTATION_CONTEXT(2) 
PARAMETRIC_REPRESENTATION_CONTEXT() REPRESENTATION_CONTEXT('2D SPACE',''
  ) );
#1112 = ORIENTED_EDGE('',*,*,#1113,.T.);
#1113 = EDGE_CURVE('',#1091,#1114,#1116,.T.);
#1114 = VERTEX_POINT('',#1115);
#1115 = CARTESIAN_POINT('',(11.,60.,20.));
#1116 = SURFACE_CURVE('',#1117,(#1122,#1133),.PCURVE_S1.);
#1117 = CIRCLE('',#1118,4.);
#1118 = AXIS2_PLACEMENT_3D('',#1119,#1120,#1121);
#1119 = CARTESIAN_POINT('',(15.,60.,20.));
#1120 = DIRECTION('',(0.,1.,0.));
#1121 = DIRECTION('',(-1.,0.,0.));
#1122 = PCURVE('',#423,#1123);
#1123 = DEFINITIONAL_REPRESENTATION('',(#1124),#1132);
#1124 = ( BOUNDED_CURVE() B_SPLINE_CURVE(2,(#1125,#1126,#1127,#1128,
#1129,#1130,#1131),.UNSPECIFIED.,.T.,.F.) B_SPLINE_CURVE_WITH_KNOTS((1,2
    ,2,2,2,1),(-2.094395102393,0.,2.094395102393,4.188790204786,
6.28318530718,8.377580409573),.UNSPECIFIED.) CURVE() 
GEOMETRIC_REPRESENTATION_ITEM() RATIONAL_B_SPLINE_CURVE((1.,0.5,1.,0.5,
1.,0.5,1.)) REPRESENTATION_ITEM('') );
#1125 = CARTESIAN_POINT('',(4.,-20.));
#1126 = CARTESIAN_POINT('',(4.,-26.92820323027));
#1127 = CARTESIAN_POINT('',(-2.,-23.46410161513));
#1128 = CARTESIAN_POINT('',(-8.,-20.));
#1129 = CARTESIAN_POINT('',(-2.,-16.53589838486));
#1130 = CARTESIAN_POINT('',(4.,-13.07179676972));
#1131 = CARTESIAN_POINT('',(4.,-20.));
#1132 = ( GEOMETRIC_REPRESENTATION_CONTEXT(2) 
PARAMETRIC_REPRESENTATION_CONTEXT() REPRESENTATION_CONTEXT('2D SPACE',''
  ) );
#1133 = PCURVE('',#1134,#1139);
#1134 = CYLINDRICAL_SURFACE('',#1135,4.);
#1135 = AXIS2_PLACEMENT_3D('',#1136,#1137,#1138);
#1136 = CARTESIAN_POINT('',(15.,0.,20.));
#1137 = DIRECTION('',(0.,1.,0.));
#1138 = DIRECTION('',(-1.,0.,0.));
#1139 = DEFINITIONAL_REPRESENTATION('',(#1140),#1144);
#1140 = LINE('',#1141,#1142);
#1141 = CARTESIAN_POINT('',(0.,60.));
#1142 = VECTOR('',#1143,1.);
#1143 = DIRECTION('',(1.,0.));
#1144 = ( GEOMETRIC_REPRESENTATION_CONTEXT(2) 
PARAMETRIC_REPRESENTATION_CONTEXT() REPRESENTATION_CONTEXT('2D SPACE',''
  ) );
#1145 = ORIENTED_EDGE('',*,*,#1146,.T.);
#1146 = EDGE_CURVE('',#1114,#1147,#1149,.T.);
#1147 = VERTEX_POINT('',#1148);
#1148 = CARTESIAN_POINT('',(12.,60.,22.645751311065));
#1149 = SURFACE_CURVE('',#1150,(#1155,#1166),.PCURVE_S1.);
#1150 = CIRCLE('',#1151,4.);
#1151 = AXIS2_PLACEMENT_3D('',#1152,#1153,#1154);
#1152 = CARTESIAN_POINT('',(15.,60.,20.));
#1153 = DIRECTION('',(0.,1.,0.));
#1154 = DIRECTION('',(-1.,0.,0.));
#1155 = PCURVE('',#423,#1156);
#1156 = DEFINITIONAL_REPRESENTATION('',(#1157),#1165);
#1157 = ( BOUNDED_CURVE() B_SPLINE_CURVE(2,(#1158,#1159,#1160,#1161,
#1162,#1163,#1164),.UNSPECIFIED.,.T.,.F.) B_SPLINE_CURVE_WITH_KNOTS((1,2
    ,2,2,2,1),(-2.094395102393,0.,2.094395102393,4.188790204786,
6.28318530718,8.377580409573),.UNSPECIFIED.) CURVE() 
GEOMETRIC_REPRESENTATION_ITEM() RATIONAL_B_SPLINE_CURVE((1.,0.5,1.,0.5,
1.,0.5,1.)) REPRESENTATION_ITEM('') );
#1158 = CARTESIAN_POINT('',(4.,-20.));
#1159 = CARTESIAN_POINT('',(4.,-26.92820323027));
#1160 = CARTESIAN_POINT('',(-2.,-23.46410161513));
#1161 = CARTESIAN_POINT('',(-8.,-20.));
#1162 = CARTESIAN_POINT('',(-2.,-16.53589838486));
#1163 = CARTESIAN_POINT('',(4.,-13.07179676972));
#1164 = CARTESIAN_POINT('',(4.,-20.));
#1165 = ( GEOMETRIC_REPRESENTATION_CONTEXT(2) 
PARAMETRIC_REPRESENTATION_CONTEXT() REPRESENTATION_CONTEXT('2D SPACE',''
  ) );
#1166 = PCURVE('',#1134,#1167);
#1167 = DEFINITIONAL_REPRESENTATION('',(#1168),#1172);
#1168 = LINE('',#1169,#1170);
#1169 = CARTESIAN_POINT('',(0.,60.));
#1170 = VECTOR('',#1171,1.);
#1171 = DIRECTION('',(1.,0.));
#1172 = ( GEOMETRIC_REPRESENTATION_CONTEXT(2) 
PARAMETRIC_REPRESENTATION_CONTEXT() REPRESENTATION_CONTEXT('2D SPACE',''
  ) );
#1173 = ORIENTED_EDGE('',*,*,#1174,.T.);
#1174 = EDGE_CURVE('',#1147,#763,#1175,.T.);
#1175 = SURFACE_CURVE('',#1176,(#1180,#1187),.PCURVE_S1.);
#1176 = LINE('',#1177,#1178);
#1177 = CARTESIAN_POINT('',(12.,60.,24.));
#1178 = VECTOR('',#1179,1.);
#1179 = DIRECTION('',(0.,0.,1.));
#1180 = PCURVE('',#423,#1181);
#1181 = DEFINITIONAL_REPRESENTATION('',(#1182),#1186);
#1182 = LINE('',#1183,#1184);
#1183 = CARTESIAN_POINT('',(3.,-24.));
#1184 = VECTOR('',#1185,1.);
#1185 = DIRECTION('',(0.,-1.));
#1186 = ( GEOMETRIC_REPRESENTATION_CONTEXT(2) 
PARAMETRIC_REPRESENTATION_CONTEXT() REPRESENTATION_CONTEXT('2D SPACE',''
  ) );
#1187 = PCURVE('',#783,#1188);
#1188 = DEFINITIONAL_REPRESENTATION('',(#1189),#1193);
#1189 = LINE('',#1190,#1191);
#1190 = CARTESIAN_POINT('',(-0.,0.));
#1191 = VECTOR('',#1192,1.);
#1192 = DIRECTION('',(-0.,1.));
#1193 = ( GEOMETRIC_REPRESENTATION_CONTEXT(2) 
PARAMETRIC_REPRESENTATION_CONTEXT() REPRESENTATION_CONTEXT('2D SPACE',''
  ) );
#1194 = ORIENTED_EDGE('',*,*,#795,.T.);
#1195 = ORIENTED_EDGE('',*,*,#1036,.F.);
#1196 = ADVANCED_FACE('',(#1197,#1274),#301,.F.);
#1197 = FACE_BOUND('',#1198,.F.);
#1198 = EDGE_LOOP('',(#1199,#1200,#1201,#1202,#1225,#1253));
#1199 = ORIENTED_EDGE('',*,*,#285,.F.);
#1200 = ORIENTED_EDGE('',*,*,#1063,.T.);
#1201 = ORIENTED_EDGE('',*,*,#678,.T.);
#1202 = ORIENTED_EDGE('',*,*,#1203,.F.);
#1203 = EDGE_CURVE('',#1204,#679,#1206,.T.);
#1204 = VERTEX_POINT('',#1205);
#1205 = CARTESIAN_POINT('',(18.,15.,22.645751311065));
#1206 = SURFACE_CURVE('',#1207,(#1211,#1218),.PCURVE_S1.);
#1207 = LINE('',#1208,#1209);
#1208 = CARTESIAN_POINT('',(18.,15.,24.));
#1209 = VECTOR('',#1210,1.);
#1210 = DIRECTION('',(0.,0.,1.));
#1211 = PCURVE('',#301,#1212);
#1212 = DEFINITIONAL_REPRESENTATION('',(#1213),#1217);
#1213 = LINE('',#1214,#1215);
#1214 = CARTESIAN_POINT('',(42.,-24.));
#1215 = VECTOR('',#1216,1.);
#1216 = DIRECTION('',(0.,-1.));
#1217 = ( GEOMETRIC_REPRESENTATION_CONTEXT(2) 
PARAMETRIC_REPRESENTATION_CONTEXT() REPRESENTATION_CONTEXT('2D SPACE',''
  ) );
#1218 = PCURVE('',#722,#1219);
#1219 = DEFINITIONAL_REPRESENTATION('',(#1220),#1224);
#1220 = LINE('',#1221,#1222);
#1221 = CARTESIAN_POINT('',(-0.,0.));
#1222 = VECTOR('',#1223,1.);
#1223 = DIRECTION('',(-0.,1.));
#1224 = ( GEOMETRIC_REPRESENTATION_CONTEXT(2) 
PARAMETRIC_REPRESENTATION_CONTEXT() REPRESENTATION_CONTEXT('2D SPACE',''
  ) );
#1225 = ORIENTED_EDGE('',*,*,#1226,.T.);
#1226 = EDGE_CURVE('',#1204,#1227,#1229,.T.);
#1227 = VERTEX_POINT('',#1228);
#1228 = CARTESIAN_POINT('',(18.,15.,17.354248688935));
#1229 = SURFACE_CURVE('',#1230,(#1235,#1246),.PCURVE_S1.);
#1230 = CIRCLE('',#1231,4.);
#1231 = AXIS2_PLACEMENT_3D('',#1232,#1233,#1234);
#1232 = CARTESIAN_POINT('',(15.,15.,20.));
#1233 = DIRECTION('',(0.,1.,0.));
#1234 = DIRECTION('',(-1.,0.,0.));
#1235 = PCURVE('',#301,#1236);
#1236 = DEFINITIONAL_REPRESENTATION('',(#1237),#1245);
#1237 = ( BOUNDED_CURVE() B_SPLINE_CURVE(2,(#1238,#1239,#1240,#1241,
#1242,#1243,#1244),.UNSPECIFIED.,.T.,.F.) B_SPLINE_CURVE_WITH_KNOTS((1,2
    ,2,2,2,1),(-2.094395102393,0.,2.094395102393,4.188790204786,
6.28318530718,8.377580409573),.UNSPECIFIED.) CURVE() 
GEOMETRIC_REPRESENTATION_ITEM() RATIONAL_B_SPLINE_CURVE((1.,0.5,1.,0.5,
1.,0.5,1.)) REPRESENTATION_ITEM('') );
#1238 = CARTESIAN_POINT('',(49.,-20.));
#1239 = CARTESIAN_POINT('',(49.,-26.92820323027));
#1240 = CARTESIAN_POINT('',(43.,-23.46410161513));
#1241 = CARTESIAN_POINT('',(37.,-20.));
#1242 = CARTESIAN_POINT('',(43.,-16.53589838486));
#1243 = CARTESIAN_POINT('',(49.,-13.07179676972));
#1244 = CARTESIAN_POINT('',(49.,-20.));
#1245 = ( GEOMETRIC_REPRESENTATION_CONTEXT(2) 
PARAMETRIC_REPRESENTATION_CONTEXT() REPRESENTATION_CONTEXT('2D SPACE',''
  ) );
#1246 = PCURVE('',#1134,#1247);
#1247 = DEFINITIONAL_REPRESENTATION('',(#1248),#1252);
#1248 = LINE('',#1249,#1250);
#1249 = CARTESIAN_POINT('',(0.,15.));
#1250 = VECTOR('',#1251,1.);
#1251 = DIRECTION('',(1.,0.));
#1252 = ( GEOMETRIC_REPRESENTATION_CONTEXT(2) 
PARAMETRIC_REPRESENTATION_CONTEXT() REPRESENTATION_CONTEXT('2D SPACE',''
  ) );
#1253 = ORIENTED_EDGE('',*,*,#1254,.F.);
#1254 = EDGE_CURVE('',#286,#1227,#1255,.T.);
#1255 = SURFACE_CURVE('',#1256,(#1260,#1267),.PCURVE_S1.);
#1256 = LINE('',#1257,#1258);
#1257 = CARTESIAN_POINT('',(18.,15.,0.));
#1258 = VECTOR('',#1259,1.);
#1259 = DIRECTION('',(0.,0.,1.));
#1260 = PCURVE('',#301,#1261);
#1261 = DEFINITIONAL_REPRESENTATION('',(#1262),#1266);
#1262 = LINE('',#1263,#1264);
#1263 = CARTESIAN_POINT('',(42.,0.));
#1264 = VECTOR('',#1265,1.);
#1265 = DIRECTION('',(0.,-1.));
#1266 = ( GEOMETRIC_REPRESENTATION_CONTEXT(2) 
PARAMETRIC_REPRESENTATION_CONTEXT() REPRESENTATION_CONTEXT('2D SPACE',''
  ) );
#1267 = PCURVE('',#334,#1268);
#1268 = DEFINITIONAL_REPRESENTATION('',(#1269),#1273);
#1269 = LINE('',#1270,#1271);
#1270 = CARTESIAN_POINT('',(-0.,0.));
#1271 = VECTOR('',#1272,1.);
#1272 = DIRECTION('',(-0.,1.));
#1273 = ( GEOMETRIC_REPRESENTATION_CONTEXT(2) 
PARAMETRIC_REPRESENTATION_CONTEXT() REPRESENTATION_CONTEXT('2D SPACE',''
  ) );
#1274 = FACE_BOUND('',#1275,.F.);
#1275 = EDGE_LOOP('',(#1276));
#1276 = ORIENTED_EDGE('',*,*,#1277,.T.);
#1277 = EDGE_CURVE('',#1278,#1278,#1280,.T.);
#1278 = VERTEX_POINT('',#1279);
#1279 = CARTESIAN_POINT('',(41.,15.,20.));
#1280 = SURFACE_CURVE('',#1281,(#1286,#1297),.PCURVE_S1.);
#1281 = CIRCLE('',#1282,4.);
#1282 = AXIS2_PLACEMENT_3D('',#1283,#1284,#1285);
#1283 = CARTESIAN_POINT('',(45.,15.,20.));
#1284 = DIRECTION('',(0.,1.,0.));
#1285 = DIRECTION('',(-1.,0.,0.));
#1286 = PCURVE('',#301,#1287);
#1287 = DEFINITIONAL_REPRESENTATION('',(#1288),#1296);
#1288 = ( BOUNDED_CURVE() B_SPLINE_CURVE(2,(#1289,#1290,#1291,#1292,
#1293,#1294,#1295),.UNSPECIFIED.,.T.,.F.) B_SPLINE_CURVE_WITH_KNOTS((1,2
    ,2,2,2,1),(-2.094395102393,0.,2.094395102393,4.188790204786,
6.28318530718,8.377580409573),.UNSPECIFIED.) CURVE() 
GEOMETRIC_REPRESENTATION_ITEM() RATIONAL_B_SPLINE_CURVE((1.,0.5,1.,0.5,
1.,0.5,1.)) REPRESENTATION_ITEM('') );
#1289 = CARTESIAN_POINT('',(19.,-20.));
#1290 = CARTESIAN_POINT('',(19.,-26.92820323027));
#1291 = CARTESIAN_POINT('',(13.,-23.46410161513));
#1292 = CARTESIAN_POINT('',(7.,-20.));
#1293 = CARTESIAN_POINT('',(13.,-16.53589838486));
#1294 = CARTESIAN_POINT('',(19.,-13.07179676972));
#1295 = CARTESIAN_POINT('',(19.,-20.));
#1296 = ( GEOMETRIC_REPRESENTATION_CONTEXT(2) 
PARAMETRIC_REPRESENTATION_CONTEXT() REPRESENTATION_CONTEXT('2D SPACE',''
  ) );
#1297 = PCURVE('',#1298,#1303);
#1298 = CYLINDRICAL_SURFACE('',#1299,4.);
#1299 = AXIS2_PLACEMENT_3D('',#1300,#1301,#1302);
#1300 = CARTESIAN_POINT('',(45.,0.,20.));
#1301 = DIRECTION('',(0.,1.,0.));
#1302 = DIRECTION('',(-1.,0.,0.));
#1303 = DEFINITIONAL_REPRESENTATION('',(#1304),#1308);
#1304 = LINE('',#1305,#1306);
#1305 = CARTESIAN_POINT('',(0.,15.));
#1306 = VECTOR('',#1307,1.);
#1307 = DIRECTION('',(1.,0.));
#1308 = ( GEOMETRIC_REPRESENTATION_CONTEXT(2) 
PARAMETRIC_REPRESENTATION_CONTEXT() REPRESENTATION_CONTEXT('2D SPACE',''
  ) );
#1309 = ADVANCED_FACE('',(#1310),#395,.T.);
#1310 = FACE_BOUND('',#1311,.F.);
#1311 = EDGE_LOOP('',(#1312,#1313,#1336,#1501));
#1312 = ORIENTED_EDGE('',*,*,#374,.T.);
#1313 = ORIENTED_EDGE('',*,*,#1314,.T.);
#1314 = EDGE_CURVE('',#347,#1315,#1317,.T.);
#1315 = VERTEX_POINT('',#1316);
#1316 = CARTESIAN_POINT('',(15.,57.,16.));
#1317 = SURFACE_CURVE('',#1318,(#1322,#1329),.PCURVE_S1.);
#1318 = LINE('',#1319,#1320);
#1319 = CARTESIAN_POINT('',(15.,57.,0.));
#1320 = VECTOR('',#1321,1.);
#1321 = DIRECTION('',(0.,0.,1.));
#1322 = PCURVE('',#395,#1323);
#1323 = DEFINITIONAL_REPRESENTATION('',(#1324),#1328);
#1324 = LINE('',#1325,#1326);
#1325 = CARTESIAN_POINT('',(-1.570796326795,0.));
#1326 = VECTOR('',#1327,1.);
#1327 = DIRECTION('',(-0.,1.));
#1328 = ( GEOMETRIC_REPRESENTATION_CONTEXT(2) 
PARAMETRIC_REPRESENTATION_CONTEXT() REPRESENTATION_CONTEXT('2D SPACE',''
  ) );
#1329 = PCURVE('',#362,#1330);
#1330 = DEFINITIONAL_REPRESENTATION('',(#1331),#1335);
#1331 = LINE('',#1332,#1333);
#1332 = CARTESIAN_POINT('',(42.,0.));
#1333 = VECTOR('',#1334,1.);
#1334 = DIRECTION('',(0.,-1.));
#1335 = ( GEOMETRIC_REPRESENTATION_CONTEXT(2) 
PARAMETRIC_REPRESENTATION_CONTEXT() REPRESENTATION_CONTEXT('2D SPACE',''
  ) );
#1336 = ORIENTED_EDGE('',*,*,#1337,.F.);
#1337 = EDGE_CURVE('',#1091,#1315,#1338,.T.);
#1338 = SURFACE_CURVE('',#1339,(#1391,#1446),.PCURVE_S1.);
#1339 = B_SPLINE_CURVE_WITH_KNOTS('',8,(#1340,#1341,#1342,#1343,#1344,
    #1345,#1346,#1347,#1348,#1349,#1350,#1351,#1352,#1353,#1354,#1355,
    #1356,#1357,#1358,#1359,#1360,#1361,#1362,#1363,#1364,#1365,#1366,
    #1367,#1368,#1369,#1370,#1371,#1372,#1373,#1374,#1375,#1376,#1377,
    #1378,#1379,#1380,#1381,#1382,#1383,#1384,#1385,#1386,#1387,#1388,
    #1389,#1390),.UNSPECIFIED.,.F.,.F.,(9,7,7,7,7,7,7,9),(0.,
    0.129787093065,0.188764498289,0.305459236449,0.401348337503,
    0.446650431907,0.533748305281,1.),.UNSPECIFIED.);
#1340 = CARTESIAN_POINT('',(12.,60.,17.354248688935));
#1341 = CARTESIAN_POINT('',(12.055292753814,60.,17.291552599266));
#1342 = CARTESIAN_POINT('',(12.112429056845,59.998835340611,
    17.229784682507));
#1343 = CARTESIAN_POINT('',(12.171405251941,59.996370009949,
    17.169015259288));
#1344 = CARTESIAN_POINT('',(12.232203322331,59.992459808757,
    17.10932868306));
#1345 = CARTESIAN_POINT('',(12.294787689339,59.986953099809,
    17.050821484206));
#1346 = CARTESIAN_POINT('',(12.359101596985,59.97969320193,
    16.993600041696));
#1347 = CARTESIAN_POINT('',(12.425063083494,59.970522428659,
    16.937777782284));
#1348 = CARTESIAN_POINT('',(12.523232502015,59.954182557209,
    16.858794417954));
#1349 = CARTESIAN_POINT('',(12.554220760828,59.948651306296,
    16.834430754414));
#1350 = CARTESIAN_POINT('',(12.58551426893,59.94267982401,
    16.810392315721));
#1351 = CARTESIAN_POINT('',(12.617100543854,59.936254163575,
    16.78669074046));
#1352 = CARTESIAN_POINT('',(12.648965600612,59.929360804766,
    16.763337799624));
#1353 = CARTESIAN_POINT('',(12.681093884422,59.921986832444,
    16.740345289552));
#1354 = CARTESIAN_POINT('',(12.713468203441,59.914120115099,
    16.717724924853));
#1355 = CARTESIAN_POINT('',(12.810576036382,59.889187061349,
    16.651489938841));
#1356 = CARTESIAN_POINT('',(12.875980830554,59.870649351977,
    16.608987253339));
#1357 = CARTESIAN_POINT('',(12.942127632155,59.850052123812,
    16.568078011246));
#1358 = CARTESIAN_POINT('',(13.008841884845,59.827325165206,
    16.528848567381));
#1359 = CARTESIAN_POINT('',(13.075932506587,59.80241718915,
    16.491372001372));
#1360 = CARTESIAN_POINT('',(13.143193508424,59.775300738115,
    16.455706324064));
#1361 = CARTESIAN_POINT('',(13.210405613271,59.745977088885,
    16.42189268392));
#1362 = CARTESIAN_POINT('',(13.332336707381,59.688600671228,
    16.363708923131));
#1363 = CARTESIAN_POINT('',(13.387154670822,59.661249799149,
    16.338726278247));
#1364 = CARTESIAN_POINT('',(13.441665710278,59.632446303455,
    16.315017939924));
#1365 = CARTESIAN_POINT('',(13.49575023672,59.602218052193,
    16.292583012617));
#1366 = CARTESIAN_POINT('',(13.549295623629,59.57060217988,
    16.271409140165));
#1367 = CARTESIAN_POINT('',(13.602196703783,59.537644248229,
    16.251474241857));
#1368 = CARTESIAN_POINT('',(13.654356266054,59.503397406868,
    16.232748248509));
#1369 = CARTESIAN_POINT('',(13.729935692639,59.451161250595,
    16.206901860225));
#1370 = CARTESIAN_POINT('',(13.754001255824,59.434126058634,
    16.198870386421));
#1371 = CARTESIAN_POINT('',(13.77787331895,59.416822027976,
    16.191096358126));
#1372 = CARTESIAN_POINT('',(13.80154352422,59.399255296881,
    16.18357545486));
#1373 = CARTESIAN_POINT('',(13.825004078853,59.381432092071,
    16.176303094674));
#1374 = CARTESIAN_POINT('',(13.848247755084,59.363358728731,
    16.169274434142));
#1375 = CARTESIAN_POINT('',(13.871267890162,59.345041610509,
    16.162484368364));
#1376 = CARTESIAN_POINT('',(13.937875427858,59.290814549313,
    16.143321345732));
#1377 = CARTESIAN_POINT('',(13.980843316248,59.254264901284,
    16.131577564068));
#1378 = CARTESIAN_POINT('',(14.022919100224,59.216883520913,
    16.120658344964));
#1379 = CARTESIAN_POINT('',(14.064067241931,59.178715485367,
    16.110523814391));
#1380 = CARTESIAN_POINT('',(14.104258923845,59.139805083975,
    16.101132838256));
#1381 = CARTESIAN_POINT('',(14.143471355643,59.100195188709,
    16.092443795356));
#1382 = CARTESIAN_POINT('',(14.181687081094,59.059926624662,
    16.08441535034));
#1383 = CARTESIAN_POINT('',(14.41806526151,58.800150396286,
    16.037350113495));
#1384 = CARTESIAN_POINT('',(14.587306690206,58.564581963444,
    16.015666896806));
#1385 = CARTESIAN_POINT('',(14.726751240228,58.31676244105,
    16.00512889405));
#1386 = CARTESIAN_POINT('',(14.836932707934,58.060413099998,
    16.001036121075));
#1387 = CARTESIAN_POINT('',(14.918674385973,57.798587155373,
    15.999999331855));
#1388 = CARTESIAN_POINT('',(14.972809871552,57.533628625093,
    16.000000164232));
#1389 = CARTESIAN_POINT('',(15.,57.26716026618,16.));
#1390 = CARTESIAN_POINT('',(15.,57.,16.));
#1391 = PCURVE('',#395,#1392);
#1392 = DEFINITIONAL_REPRESENTATION('',(#1393),#1445);
#1393 = B_SPLINE_CURVE_WITH_KNOTS('',8,(#1394,#1395,#1396,#1397,#1398,
    #1399,#1400,#1401,#1402,#1403,#1404,#1405,#1406,#1407,#1408,#1409,
    #1410,#1411,#1412,#1413,#1414,#1415,#1416,#1417,#1418,#1419,#1420,
    #1421,#1422,#1423,#1424,#1425,#1426,#1427,#1428,#1429,#1430,#1431,
    #1432,#1433,#1434,#1435,#1436,#1437,#1438,#1439,#1440,#1441,#1442,
    #1443,#1444),.UNSPECIFIED.,.F.,.F.,(9,7,7,7,7,7,7,9),(0.,
    0.129787093065,0.188764498289,0.305459236449,0.401348337503,
    0.446650431907,0.533748305281,1.),.UNSPECIFIED.);
#1394 = CARTESIAN_POINT('',(-8.881784197001E-16,17.354248688935));
#1395 = CARTESIAN_POINT('',(-1.843091793805E-02,17.291552599266));
#1396 = CARTESIAN_POINT('',(-3.747634669168E-02,17.229784682507));
#1397 = CARTESIAN_POINT('',(-5.714463261381E-02,17.169015259288));
#1398 = CARTESIAN_POINT('',(-7.744194332766E-02,17.10932868306));
#1399 = CARTESIAN_POINT('',(-9.837178789037E-02,17.050821484206));
#1400 = CARTESIAN_POINT('',(-0.119934249604,16.993600041696));
#1401 = CARTESIAN_POINT('',(-0.142124931474,16.937777782284));
#1402 = CARTESIAN_POINT('',(-0.175298257659,16.858794417954));
#1403 = CARTESIAN_POINT('',(-0.185790220027,16.834430754414));
#1404 = CARTESIAN_POINT('',(-0.196408339027,16.810392315721));
#1405 = CARTESIAN_POINT('',(-0.207151147793,16.78669074046));
#1406 = CARTESIAN_POINT('',(-0.218016841511,16.763337799624));
#1407 = CARTESIAN_POINT('',(-0.22900324396,16.740345289552));
#1408 = CARTESIAN_POINT('',(-0.240107774035,16.717724924853));
#1409 = CARTESIAN_POINT('',(-0.27352697741,16.651489938841));
#1410 = CARTESIAN_POINT('',(-0.296180438212,16.608987253339));
#1411 = CARTESIAN_POINT('',(-0.31926067741,16.568078011246));
#1412 = CARTESIAN_POINT('',(-0.342736888879,16.528848567381));
#1413 = CARTESIAN_POINT('',(-0.366573983825,16.491372001372));
#1414 = CARTESIAN_POINT('',(-0.390731996977,16.455706324064));
#1415 = CARTESIAN_POINT('',(-0.415165492764,16.42189268392));
#1416 = CARTESIAN_POINT('',(-0.460084240414,16.363708923131));
#1417 = CARTESIAN_POINT('',(-0.480499639151,16.338726278247));
#1418 = CARTESIAN_POINT('',(-0.501041317155,16.315017939924));
#1419 = CARTESIAN_POINT('',(-0.52168272546,16.292583012617));
#1420 = CARTESIAN_POINT('',(-0.542398551471,16.271409140165));
#1421 = CARTESIAN_POINT('',(-0.563164653749,16.251474241857));
#1422 = CARTESIAN_POINT('',(-0.583957996791,16.232748248509));
#1423 = CARTESIAN_POINT('',(-0.614582724899,16.206901860225));
#1424 = CARTESIAN_POINT('',(-0.624410341684,16.198870386421));
#1425 = CARTESIAN_POINT('',(-0.634237300359,16.191096358126));
#1426 = CARTESIAN_POINT('',(-0.644061592732,16.18357545486));
#1427 = CARTESIAN_POINT('',(-0.653881338235,16.176303094674));
#1428 = CARTESIAN_POINT('',(-0.663694783919,16.169274434142));
#1429 = CARTESIAN_POINT('',(-0.673500304461,16.162484368364));
#1430 = CARTESIAN_POINT('',(-0.702130394002,16.143321345732));
#1431 = CARTESIAN_POINT('',(-0.720929429275,16.131577564068));
#1432 = CARTESIAN_POINT('',(-0.73968309914,16.120658344964));
#1433 = CARTESIAN_POINT('',(-0.758382724964,16.110523814391));
#1434 = CARTESIAN_POINT('',(-0.777021256194,16.101132838256));
#1435 = CARTESIAN_POINT('',(-0.795593168221,16.092443795356));
#1436 = CARTESIAN_POINT('',(-0.814094360256,16.08441535034));
#1437 = CARTESIAN_POINT('',(-0.931169043451,16.037350113495));
#1438 = CARTESIAN_POINT('',(-1.027214256357,16.015666896806));
#1439 = CARTESIAN_POINT('',(-1.121057439556,16.00512889405));
#1440 = CARTESIAN_POINT('',(-1.213042655305,16.001036121075));
#1441 = CARTESIAN_POINT('',(-1.303524890233,15.999999331855));
#1442 = CARTESIAN_POINT('',(-1.39292003084,16.000000164232));
#1443 = CARTESIAN_POINT('',(-1.481742904735,16.));
#1444 = CARTESIAN_POINT('',(-1.570796326795,16.));
#1445 = ( GEOMETRIC_REPRESENTATION_CONTEXT(2) 
PARAMETRIC_REPRESENTATION_CONTEXT() REPRESENTATION_CONTEXT('2D SPACE',''
  ) );
#1446 = PCURVE('',#1134,#1447);
#1447 = DEFINITIONAL_REPRESENTATION('',(#1448),#1500);
#1448 = B_SPLINE_CURVE_WITH_KNOTS('',8,(#1449,#1450,#1451,#1452,#1453,
    #1454,#1455,#1456,#1457,#1458,#1459,#1460,#1461,#1462,#1463,#1464,
    #1465,#1466,#1467,#1468,#1469,#1470,#1471,#1472,#1473,#1474,#1475,
    #1476,#1477,#1478,#1479,#1480,#1481,#1482,#1483,#1484,#1485,#1486,
    #1487,#1488,#1489,#1490,#1491,#1492,#1493,#1494,#1495,#1496,#1497,
    #1498,#1499),.UNSPECIFIED.,.F.,.F.,(9,7,7,7,7,7,7,9),(0.,
    0.129787093065,0.188764498289,0.305459236449,0.401348337503,
    0.446650431907,0.533748305281,1.),.UNSPECIFIED.);
#1449 = CARTESIAN_POINT('',(5.560451059366,60.));
#1450 = CARTESIAN_POINT('',(5.53955236281,60.));
#1451 = CARTESIAN_POINT('',(5.518522852109,59.998835340611));
#1452 = CARTESIAN_POINT('',(5.497362400545,59.996370009949));
#1453 = CARTESIAN_POINT('',(5.476075176332,59.992459808757));
#1454 = CARTESIAN_POINT('',(5.454669782852,59.986953099809));
#1455 = CARTESIAN_POINT('',(5.433159585794,59.97969320193));
#1456 = CARTESIAN_POINT('',(5.411563227201,59.970522428659));
#1457 = CARTESIAN_POINT('',(5.380063617508,59.954182557209));
#1458 = CARTESIAN_POINT('',(5.370209480027,59.948651306296));
#1459 = CARTESIAN_POINT('',(5.360345401446,59.94267982401));
#1460 = CARTESIAN_POINT('',(5.350474167668,59.936254163575));
#1461 = CARTESIAN_POINT('',(5.340598871186,59.929360804766));
#1462 = CARTESIAN_POINT('',(5.330722919253,59.921986832444));
#1463 = CARTESIAN_POINT('',(5.320850042038,59.914120115099));
#1464 = CARTESIAN_POINT('',(5.291463603212,59.889187061349));
#1465 = CARTESIAN_POINT('',(5.271968039886,59.870649351977));
#1466 = CARTESIAN_POINT('',(5.252532366795,59.850052123812));
#1467 = CARTESIAN_POINT('',(5.233193576351,59.827325165206));
#1468 = CARTESIAN_POINT('',(5.213990784623,59.80241718915));
#1469 = CARTESIAN_POINT('',(5.194965118563,59.775300738115));
#1470 = CARTESIAN_POINT('',(5.176159603234,59.745977088885));
#1471 = CARTESIAN_POINT('',(5.142384111259,59.688600671228));
#1472 = CARTESIAN_POINT('',(5.127325872427,59.661249799149));
#1473 = CARTESIAN_POINT('',(5.112468664045,59.632446303455));
#1474 = CARTESIAN_POINT('',(5.097834546176,59.602218052193));
#1475 = CARTESIAN_POINT('',(5.083443440233,59.57060217988));
#1476 = CARTESIAN_POINT('',(5.069313261783,59.537644248229));
#1477 = CARTESIAN_POINT('',(5.055460053333,59.503397406868));
#1478 = CARTESIAN_POINT('',(5.035490880982,59.451161250595));
#1479 = CARTESIAN_POINT('',(5.029148460575,59.434126058634));
#1480 = CARTESIAN_POINT('',(5.022872238053,59.416822027976));
#1481 = CARTESIAN_POINT('',(5.016663474522,59.399255296881));
#1482 = CARTESIAN_POINT('',(5.010523310042,59.381432092071));
#1483 = CARTESIAN_POINT('',(5.004452763632,59.363358728731));
#1484 = CARTESIAN_POINT('',(4.998452733264,59.345041610509));
#1485 = CARTESIAN_POINT('',(4.981125396635,59.290814549313));
#1486 = CARTESIAN_POINT('',(4.969990422958,59.254264901284));
#1487 = CARTESIAN_POINT('',(4.959124514282,59.216883520913));
#1488 = CARTESIAN_POINT('',(4.948531641426,59.178715485367));
#1489 = CARTESIAN_POINT('',(4.938214485329,59.139805083975));
#1490 = CARTESIAN_POINT('',(4.9281746158,59.100195188709));
#1491 = CARTESIAN_POINT('',(4.918412670267,59.059926624662));
#1492 = CARTESIAN_POINT('',(4.858158116136,58.800150396286));
#1493 = CARTESIAN_POINT('',(4.815603674024,58.564581963444));
#1494 = CARTESIAN_POINT('',(4.780700318202,58.31676244105));
#1495 = CARTESIAN_POINT('',(4.75315642691,58.060413099998));
#1496 = CARTESIAN_POINT('',(4.73272010552,57.798587155373));
#1497 = CARTESIAN_POINT('',(4.719186574087,57.533628625093));
#1498 = CARTESIAN_POINT('',(4.712388980385,57.26716026618));
#1499 = CARTESIAN_POINT('',(4.712388980385,57.));
#1500 = ( GEOMETRIC_REPRESENTATION_CONTEXT(2) 
PARAMETRIC_REPRESENTATION_CONTEXT() REPRESENTATION_CONTEXT('2D SPACE',''
  ) );
#1501 = ORIENTED_EDGE('',*,*,#1090,.F.);
#1502 = ADVANCED_FACE('',(#1503),#334,.F.);
#1503 = FACE_BOUND('',#1504,.T.);
#1504 = EDGE_LOOP('',(#1505,#1506,#1529,#1673));
#1505 = ORIENTED_EDGE('',*,*,#313,.T.);
#1506 = ORIENTED_EDGE('',*,*,#1507,.T.);
#1507 = EDGE_CURVE('',#314,#1508,#1510,.T.);
#1508 = VERTEX_POINT('',#1509);
#1509 = CARTESIAN_POINT('',(15.,18.,16.));
#1510 = SURFACE_CURVE('',#1511,(#1515,#1522),.PCURVE_S1.);
#1511 = LINE('',#1512,#1513);
#1512 = CARTESIAN_POINT('',(15.,18.,0.));
#1513 = VECTOR('',#1514,1.);
#1514 = DIRECTION('',(0.,0.,1.));
#1515 = PCURVE('',#334,#1516);
#1516 = DEFINITIONAL_REPRESENTATION('',(#1517),#1521);
#1517 = LINE('',#1518,#1519);
#1518 = CARTESIAN_POINT('',(-1.570796326795,0.));
#1519 = VECTOR('',#1520,1.);
#1520 = DIRECTION('',(-0.,1.));
#1521 = ( GEOMETRIC_REPRESENTATION_CONTEXT(2) 
PARAMETRIC_REPRESENTATION_CONTEXT() REPRESENTATION_CONTEXT('2D SPACE',''
  ) );
#1522 = PCURVE('',#362,#1523);
#1523 = DEFINITIONAL_REPRESENTATION('',(#1524),#1528);
#1524 = LINE('',#1525,#1526);
#1525 = CARTESIAN_POINT('',(3.,0.));
#1526 = VECTOR('',#1527,1.);
#1527 = DIRECTION('',(0.,-1.));
#1528 = ( GEOMETRIC_REPRESENTATION_CONTEXT(2) 
PARAMETRIC_REPRESENTATION_CONTEXT() REPRESENTATION_CONTEXT('2D SPACE',''
  ) );
#1529 = ORIENTED_EDGE('',*,*,#1530,.F.);
#1530 = EDGE_CURVE('',#1227,#1508,#1531,.T.);
#1531 = SURFACE_CURVE('',#1532,(#1577,#1625),.PCURVE_S1.);
#1532 = B_SPLINE_CURVE_WITH_KNOTS('',8,(#1533,#1534,#1535,#1536,#1537,
    #1538,#1539,#1540,#1541,#1542,#1543,#1544,#1545,#1546,#1547,#1548,
    #1549,#1550,#1551,#1552,#1553,#1554,#1555,#1556,#1557,#1558,#1559,
    #1560,#1561,#1562,#1563,#1564,#1565,#1566,#1567,#1568,#1569,#1570,
    #1571,#1572,#1573,#1574,#1575,#1576),.UNSPECIFIED.,.F.,.F.,(9,7,7,7,
    7,7,9),(0.,0.129782433491,0.188758227643,0.305449536087,
    0.401335827038,0.533735715942,1.),.UNSPECIFIED.);
#1533 = CARTESIAN_POINT('',(18.,15.,17.354248688935));
#1534 = CARTESIAN_POINT('',(17.944707112971,15.,17.291552448214));
#1535 = CARTESIAN_POINT('',(17.88757092294,15.001164663401,
    17.229784673733));
#1536 = CARTESIAN_POINT('',(17.828594817937,15.003629989756,
    17.16901533389));
#1537 = CARTESIAN_POINT('',(17.767796662129,15.007540185931,
    17.109328649215));
#1538 = CARTESIAN_POINT('',(17.705212023786,15.013046911319,
    17.050821191219));
#1539 = CARTESIAN_POINT('',(17.640897803795,15.02030686,16.99359950532)
  );
#1540 = CARTESIAN_POINT('',(17.574936264701,15.029477679831,
    16.937777257866));
#1541 = CARTESIAN_POINT('',(17.476767530853,15.04581743732,
    16.858794444399));
#1542 = CARTESIAN_POINT('',(17.445779260977,15.051348689156,
    16.834430770769));
#1543 = CARTESIAN_POINT('',(17.414485742707,15.057320173517,
    16.810392324308));
#1544 = CARTESIAN_POINT('',(17.382899482185,15.063745831845,
    16.786690760822));
#1545 = CARTESIAN_POINT('',(17.351034465804,15.070639181883,
    16.763337849569));
#1546 = CARTESIAN_POINT('',(17.318906226368,15.078013142076,
    16.74034536887));
#1547 = CARTESIAN_POINT('',(17.28653190924,15.08587985597,
    16.717725001711));
#1548 = CARTESIAN_POINT('',(17.189423874437,15.110812961549,
    16.651489878013));
#1549 = CARTESIAN_POINT('',(17.124019073367,15.129350677144,
    16.608987192896));
#1550 = CARTESIAN_POINT('',(17.057872295292,15.149947901825,
    16.568077969685));
#1551 = CARTESIAN_POINT('',(16.991158068008,15.172674853395,
    16.528848542373));
#1552 = CARTESIAN_POINT('',(16.92406746264,15.197582823321,
    16.491371985093));
#1553 = CARTESIAN_POINT('',(16.856806469171,15.224699271004,
    16.455706311954));
#1554 = CARTESIAN_POINT('',(16.789594371966,15.254022918062,
    16.421892676875));
#1555 = CARTESIAN_POINT('',(16.667663300088,15.311399325258,
    16.363708926695));
#1556 = CARTESIAN_POINT('',(16.612845653772,15.3387500517,
    16.338726426675));
#1557 = CARTESIAN_POINT('',(16.55833487706,15.36755339291,
    16.315018192625));
#1558 = CARTESIAN_POINT('',(16.504250378567,15.397781589502,
    16.292583258798));
#1559 = CARTESIAN_POINT('',(16.450704766639,15.429397560059,
    16.271409281633));
#1560 = CARTESIAN_POINT('',(16.397803331168,15.462355709469,
    16.25147424696));
#1561 = CARTESIAN_POINT('',(16.34564352541,15.49660273726,
    16.232748177195));
#1562 = CARTESIAN_POINT('',(16.223439204778,15.58106334087,
    16.190957170517));
#1563 = CARTESIAN_POINT('',(16.154142791208,15.63239443678,
    16.16895368289));
#1564 = CARTESIAN_POINT('',(16.086648529699,15.685922288809,
    16.149085090825));
#1565 = CARTESIAN_POINT('',(16.021133862351,15.741487289053,
    16.131225243202));
#1566 = CARTESIAN_POINT('',(15.957735585945,15.79892722449,
    16.115233300912));
#1567 = CARTESIAN_POINT('',(15.896555065196,15.858083703057,
    16.100962889704));
#1568 = CARTESIAN_POINT('',(15.837663424055,15.918807447848,
    16.088268227565));
#1569 = CARTESIAN_POINT('',(15.58193454321,16.199849818325,
    16.037350074613));
#1570 = CARTESIAN_POINT('',(15.41269311764,16.435418344633,
    16.015666881969));
#1571 = CARTESIAN_POINT('',(15.273248611909,16.683237879367,
    16.005128886528));
#1572 = CARTESIAN_POINT('',(15.163067197168,16.939587187681,
    16.001036120109));
#1573 = CARTESIAN_POINT('',(15.081325556582,17.201413090781,
    15.999999331323));
#1574 = CARTESIAN_POINT('',(15.027190098669,17.466371575853,
    16.000000164345));
#1575 = CARTESIAN_POINT('',(15.,17.732839881115,16.));
#1576 = CARTESIAN_POINT('',(15.,18.,16.));
#1577 = PCURVE('',#334,#1578);
#1578 = DEFINITIONAL_REPRESENTATION('',(#1579),#1624);
#1579 = B_SPLINE_CURVE_WITH_KNOTS('',8,(#1580,#1581,#1582,#1583,#1584,
    #1585,#1586,#1587,#1588,#1589,#1590,#1591,#1592,#1593,#1594,#1595,
    #1596,#1597,#1598,#1599,#1600,#1601,#1602,#1603,#1604,#1605,#1606,
    #1607,#1608,#1609,#1610,#1611,#1612,#1613,#1614,#1615,#1616,#1617,
    #1618,#1619,#1620,#1621,#1622,#1623),.UNSPECIFIED.,.F.,.F.,(9,7,7,7,
    7,7,9),(0.,0.129782433491,0.188758227643,0.305449536087,
    0.401335827038,0.533735715942,1.),.UNSPECIFIED.);
#1580 = CARTESIAN_POINT('',(0.,17.354248688935));
#1581 = CARTESIAN_POINT('',(-1.843096234315E-02,17.291552448214));
#1582 = CARTESIAN_POINT('',(-3.747635293728E-02,17.229784673733));
#1583 = CARTESIAN_POINT('',(-5.714460967901E-02,17.16901533389));
#1584 = CARTESIAN_POINT('',(-7.744194904272E-02,17.109328649215));
#1585 = CARTESIAN_POINT('',(-9.837188322104E-02,17.050821191219));
#1586 = CARTESIAN_POINT('',(-0.11993444948,16.99359950532));
#1587 = CARTESIAN_POINT('',(-0.142125151731,16.937777257866));
#1588 = CARTESIAN_POINT('',(-0.175298246552,16.858794444399));
#1589 = CARTESIAN_POINT('',(-0.18579021259,16.834430770769));
#1590 = CARTESIAN_POINT('',(-0.196408335062,16.810392324308));
#1591 = CARTESIAN_POINT('',(-0.207151139,16.786690760822));
#1592 = CARTESIAN_POINT('',(-0.218016818945,16.763337849569));
#1593 = CARTESIAN_POINT('',(-0.229003206062,16.74034536887));
#1594 = CARTESIAN_POINT('',(-0.240107735257,16.717725001711));
#1595 = CARTESIAN_POINT('',(-0.273527008101,16.651489878013));
#1596 = CARTESIAN_POINT('',(-0.296180471679,16.608987192896));
#1597 = CARTESIAN_POINT('',(-0.319260703021,16.568077969685));
#1598 = CARTESIAN_POINT('',(-0.342736905721,16.528848542373));
#1599 = CARTESIAN_POINT('',(-0.366573994886,16.491371985093));
#1600 = CARTESIAN_POINT('',(-0.390732005072,16.455706311954));
#1601 = CARTESIAN_POINT('',(-0.415165498203,16.421892676875));
#1602 = CARTESIAN_POINT('',(-0.460084237663,16.363708926695));
#1603 = CARTESIAN_POINT('',(-0.480499521007,16.338726426675));
#1604 = CARTESIAN_POINT('',(-0.501041097388,16.315018192625));
#1605 = CARTESIAN_POINT('',(-0.521682488076,16.292583258798));
#1606 = CARTESIAN_POINT('',(-0.542398395061,16.271409281633));
#1607 = CARTESIAN_POINT('',(-0.563164636356,16.25147424696));
#1608 = CARTESIAN_POINT('',(-0.58395808129,16.232748177195));
#1609 = CARTESIAN_POINT('',(-0.6334751822,16.190957170517));
#1610 = CARTESIAN_POINT('',(-0.662205491761,16.16895368289));
#1611 = CARTESIAN_POINT('',(-0.690894064313,16.149085090825));
#1612 = CARTESIAN_POINT('',(-0.719498180113,16.131225243202));
#1613 = CARTESIAN_POINT('',(-0.747984433845,16.115233300912));
#1614 = CARTESIAN_POINT('',(-0.776327679455,16.100962889704));
#1615 = CARTESIAN_POINT('',(-0.804510335809,16.088268227565));
#1616 = CARTESIAN_POINT('',(-0.93116914017,16.037350074613));
#1617 = CARTESIAN_POINT('',(-1.027214375415,16.015666881969));
#1618 = CARTESIAN_POINT('',(-1.121057556023,16.005128886528));
#1619 = CARTESIAN_POINT('',(-1.213042754958,16.001036120109));
#1620 = CARTESIAN_POINT('',(-1.303524974165,15.999999331323));
#1621 = CARTESIAN_POINT('',(-1.392920097797,16.000000164345));
#1622 = CARTESIAN_POINT('',(-1.481742953833,16.));
#1623 = CARTESIAN_POINT('',(-1.570796326795,16.));
#1624 = ( GEOMETRIC_REPRESENTATION_CONTEXT(2) 
PARAMETRIC_REPRESENTATION_CONTEXT() REPRESENTATION_CONTEXT('2D SPACE',''
  ) );
#1625 = PCURVE('',#1134,#1626);
#1626 = DEFINITIONAL_REPRESENTATION('',(#1627),#1672);
#1627 = B_SPLINE_CURVE_WITH_KNOTS('',8,(#1628,#1629,#1630,#1631,#1632,
    #1633,#1634,#1635,#1636,#1637,#1638,#1639,#1640,#1641,#1642,#1643,
    #1644,#1645,#1646,#1647,#1648,#1649,#1650,#1651,#1652,#1653,#1654,
    #1655,#1656,#1657,#1658,#1659,#1660,#1661,#1662,#1663,#1664,#1665,
    #1666,#1667,#1668,#1669,#1670,#1671),.UNSPECIFIED.,.F.,.F.,(9,7,7,7,
    7,7,9),(0.,0.129782433491,0.188758227643,0.305449536087,
    0.401335827038,0.533735715942,1.),.UNSPECIFIED.);
#1628 = CARTESIAN_POINT('',(3.864326901403,15.));
#1629 = CARTESIAN_POINT('',(3.88522564831,15.));
#1630 = CARTESIAN_POINT('',(3.906255113536,15.001164663401));
#1631 = CARTESIAN_POINT('',(3.927415534822,15.003629989756));
#1632 = CARTESIAN_POINT('',(3.948702793388,15.007540185931));
#1633 = CARTESIAN_POINT('',(3.970108280166,15.013046911319));
#1634 = CARTESIAN_POINT('',(3.991618575556,15.02030686));
#1635 = CARTESIAN_POINT('',(4.013214942713,15.029477679831));
#1636 = CARTESIAN_POINT('',(4.044714332715,15.04581743732));
#1637 = CARTESIAN_POINT('',(4.05456847392,15.051348689156));
#1638 = CARTESIAN_POINT('',(4.064432555708,15.057320173517));
#1639 = CARTESIAN_POINT('',(4.074303784852,15.063745831845));
#1640 = CARTESIAN_POINT('',(4.084179068818,15.070639181883));
#1641 = CARTESIAN_POINT('',(4.094055007449,15.078013142076));
#1642 = CARTESIAN_POINT('',(4.103927884632,15.08587985597));
#1643 = CARTESIAN_POINT('',(4.133314384545,15.110812961549));
#1644 = CARTESIAN_POINT('',(4.15280994926,15.129350677144));
#1645 = CARTESIAN_POINT('',(4.17224561485,15.149947901825));
#1646 = CARTESIAN_POINT('',(4.191584397725,15.172674853395));
#1647 = CARTESIAN_POINT('',(4.210787184849,15.197582823321));
#1648 = CARTESIAN_POINT('',(4.229812848597,15.224699271004));
#1649 = CARTESIAN_POINT('',(4.248618361625,15.254022918062));
#1650 = CARTESIAN_POINT('',(4.282393847442,15.311399325258));
#1651 = CARTESIAN_POINT('',(4.29745200059,15.3387500517));
#1652 = CARTESIAN_POINT('',(4.31230913844,15.36755339291));
#1653 = CARTESIAN_POINT('',(4.32694324925,15.397781589502));
#1654 = CARTESIAN_POINT('',(4.341334415873,15.429397560059));
#1655 = CARTESIAN_POINT('',(4.355464689355,15.462355709469));
#1656 = CARTESIAN_POINT('',(4.369317962534,15.49660273726));
#1657 = CARTESIAN_POINT('',(4.401606102985,15.58106334087));
#1658 = CARTESIAN_POINT('',(4.419778149779,15.63239443678));
#1659 = CARTESIAN_POINT('',(4.437361226601,15.685922288809));
#1660 = CARTESIAN_POINT('',(4.454331027087,15.741487289053));
#1661 = CARTESIAN_POINT('',(4.470671575148,15.79892722449));
#1662 = CARTESIAN_POINT('',(4.486373499429,15.858083703057));
#1663 = CARTESIAN_POINT('',(4.501432702994,15.918807447848));
#1664 = CARTESIAN_POINT('',(4.566619894411,16.199849818325));
#1665 = CARTESIAN_POINT('',(4.609174334593,16.435418344633));
#1666 = CARTESIAN_POINT('',(4.644077679721,16.683237879367));
#1667 = CARTESIAN_POINT('',(4.671621557474,16.939587187681));
#1668 = CARTESIAN_POINT('',(4.692057869657,17.201413090781));
#1669 = CARTESIAN_POINT('',(4.705591394117,17.466371575853));
#1670 = CARTESIAN_POINT('',(4.712388980385,17.732839881115));
#1671 = CARTESIAN_POINT('',(4.712388980385,18.));
#1672 = ( GEOMETRIC_REPRESENTATION_CONTEXT(2) 
PARAMETRIC_REPRESENTATION_CONTEXT() REPRESENTATION_CONTEXT('2D SPACE',''
  ) );
#1673 = ORIENTED_EDGE('',*,*,#1254,.F.);
#1674 = ADVANCED_FACE('',(#1675),#362,.F.);
#1675 = FACE_BOUND('',#1676,.F.);
#1676 = EDGE_LOOP('',(#1677,#1678,#1679,#1698));
#1677 = ORIENTED_EDGE('',*,*,#346,.F.);
#1678 = ORIENTED_EDGE('',*,*,#1507,.T.);
#1679 = ORIENTED_EDGE('',*,*,#1680,.T.);
#1680 = EDGE_CURVE('',#1508,#1315,#1681,.T.);
#1681 = SURFACE_CURVE('',#1682,(#1686,#1692),.PCURVE_S1.);
#1682 = LINE('',#1683,#1684);
#1683 = CARTESIAN_POINT('',(15.,0.,16.));
#1684 = VECTOR('',#1685,1.);
#1685 = DIRECTION('',(0.,1.,0.));
#1686 = PCURVE('',#362,#1687);
#1687 = DEFINITIONAL_REPRESENTATION('',(#1688),#1691);
#1688 = B_SPLINE_CURVE_WITH_KNOTS('',1,(#1689,#1690),.UNSPECIFIED.,.F.,
  .F.,(2,2),(10.5,64.5),.PIECEWISE_BEZIER_KNOTS.);
#1689 = CARTESIAN_POINT('',(-4.5,-16.));
#1690 = CARTESIAN_POINT('',(49.5,-16.));
#1691 = ( GEOMETRIC_REPRESENTATION_CONTEXT(2) 
PARAMETRIC_REPRESENTATION_CONTEXT() REPRESENTATION_CONTEXT('2D SPACE',''
  ) );
#1692 = PCURVE('',#1134,#1693);
#1693 = DEFINITIONAL_REPRESENTATION('',(#1694),#1697);
#1694 = B_SPLINE_CURVE_WITH_KNOTS('',1,(#1695,#1696),.UNSPECIFIED.,.F.,
  .F.,(2,2),(10.5,64.5),.PIECEWISE_BEZIER_KNOTS.);
#1695 = CARTESIAN_POINT('',(4.712388980385,10.5));
#1696 = CARTESIAN_POINT('',(4.712388980385,64.5));
#1697 = ( GEOMETRIC_REPRESENTATION_CONTEXT(2) 
PARAMETRIC_REPRESENTATION_CONTEXT() REPRESENTATION_CONTEXT('2D SPACE',''
  ) );
#1698 = ORIENTED_EDGE('',*,*,#1314,.F.);
#1699 = ADVANCED_FACE('',(#1700),#783,.T.);
#1700 = FACE_BOUND('',#1701,.F.);
#1701 = EDGE_LOOP('',(#1702,#1869,#1890,#1891));
#1702 = ORIENTED_EDGE('',*,*,#1703,.T.);
#1703 = EDGE_CURVE('',#1147,#1704,#1706,.T.);
#1704 = VERTEX_POINT('',#1705);
#1705 = CARTESIAN_POINT('',(15.,57.,24.));
#1706 = SURFACE_CURVE('',#1707,(#1759,#1814),.PCURVE_S1.);
#1707 = B_SPLINE_CURVE_WITH_KNOTS('',8,(#1708,#1709,#1710,#1711,#1712,
    #1713,#1714,#1715,#1716,#1717,#1718,#1719,#1720,#1721,#1722,#1723,
    #1724,#1725,#1726,#1727,#1728,#1729,#1730,#1731,#1732,#1733,#1734,
    #1735,#1736,#1737,#1738,#1739,#1740,#1741,#1742,#1743,#1744,#1745,
    #1746,#1747,#1748,#1749,#1750,#1751,#1752,#1753,#1754,#1755,#1756,
    #1757,#1758),.UNSPECIFIED.,.F.,.F.,(9,7,7,7,7,7,7,9),(0.,
    0.129787093065,0.188764498289,0.305459236449,0.401348337502,
    0.446650431907,0.533748305281,1.),.UNSPECIFIED.);
#1708 = CARTESIAN_POINT('',(12.,60.,22.645751311065));
#1709 = CARTESIAN_POINT('',(12.055292753814,60.,22.708447400734));
#1710 = CARTESIAN_POINT('',(12.112429056845,59.998835340611,
    22.770215317493));
#1711 = CARTESIAN_POINT('',(12.171405251941,59.996370009949,
    22.830984740712));
#1712 = CARTESIAN_POINT('',(12.232203322331,59.992459808757,
    22.89067131694));
#1713 = CARTESIAN_POINT('',(12.294787689339,59.986953099809,
    22.949178515794));
#1714 = CARTESIAN_POINT('',(12.359101596985,59.97969320193,
    23.006399958304));
#1715 = CARTESIAN_POINT('',(12.425063083494,59.970522428659,
    23.062222217716));
#1716 = CARTESIAN_POINT('',(12.523232502015,59.954182557209,
    23.141205582046));
#1717 = CARTESIAN_POINT('',(12.554220760828,59.948651306296,
    23.165569245586));
#1718 = CARTESIAN_POINT('',(12.58551426893,59.94267982401,
    23.189607684279));
#1719 = CARTESIAN_POINT('',(12.617100543854,59.936254163575,
    23.21330925954));
#1720 = CARTESIAN_POINT('',(12.648965600612,59.929360804766,
    23.236662200376));
#1721 = CARTESIAN_POINT('',(12.681093884422,59.921986832444,
    23.259654710448));
#1722 = CARTESIAN_POINT('',(12.713468203441,59.914120115099,
    23.282275075147));
#1723 = CARTESIAN_POINT('',(12.810576036382,59.889187061349,
    23.348510061159));
#1724 = CARTESIAN_POINT('',(12.875980830554,59.870649351977,
    23.391012746661));
#1725 = CARTESIAN_POINT('',(12.942127632155,59.850052123812,
    23.431921988754));
#1726 = CARTESIAN_POINT('',(13.008841884845,59.827325165206,
    23.471151432619));
#1727 = CARTESIAN_POINT('',(13.075932506587,59.80241718915,
    23.508627998628));
#1728 = CARTESIAN_POINT('',(13.143193508424,59.775300738115,
    23.544293675936));
#1729 = CARTESIAN_POINT('',(13.210405613271,59.745977088885,
    23.57810731608));
#1730 = CARTESIAN_POINT('',(13.332336707381,59.688600671228,
    23.636291076869));
#1731 = CARTESIAN_POINT('',(13.387154670822,59.661249799149,
    23.661273721753));
#1732 = CARTESIAN_POINT('',(13.441665710278,59.632446303455,
    23.684982060076));
#1733 = CARTESIAN_POINT('',(13.49575023672,59.602218052193,
    23.707416987383));
#1734 = CARTESIAN_POINT('',(13.549295623629,59.57060217988,
    23.728590859835));
#1735 = CARTESIAN_POINT('',(13.602196703783,59.537644248229,
    23.748525758143));
#1736 = CARTESIAN_POINT('',(13.654356266054,59.503397406868,
    23.767251751491));
#1737 = CARTESIAN_POINT('',(13.729935692639,59.451161250595,
    23.793098139775));
#1738 = CARTESIAN_POINT('',(13.754001255824,59.434126058634,
    23.801129613579));
#1739 = CARTESIAN_POINT('',(13.77787331895,59.416822027976,
    23.808903641874));
#1740 = CARTESIAN_POINT('',(13.80154352422,59.399255296881,
    23.81642454514));
#1741 = CARTESIAN_POINT('',(13.825004078853,59.381432092071,
    23.823696905326));
#1742 = CARTESIAN_POINT('',(13.848247755084,59.363358728731,
    23.830725565858));
#1743 = CARTESIAN_POINT('',(13.871267890162,59.345041610509,
    23.837515631636));
#1744 = CARTESIAN_POINT('',(13.937875427858,59.290814549313,
    23.856678654268));
#1745 = CARTESIAN_POINT('',(13.980843316248,59.254264901284,
    23.868422435932));
#1746 = CARTESIAN_POINT('',(14.022919100224,59.216883520913,
    23.879341655036));
#1747 = CARTESIAN_POINT('',(14.064067241931,59.178715485367,
    23.889476185609));
#1748 = CARTESIAN_POINT('',(14.104258923845,59.139805083975,
    23.898867161744));
#1749 = CARTESIAN_POINT('',(14.143471355643,59.100195188709,
    23.907556204644));
#1750 = CARTESIAN_POINT('',(14.181687081094,59.059926624662,
    23.91558464966));
#1751 = CARTESIAN_POINT('',(14.41806526151,58.800150396285,
    23.962649886505));
#1752 = CARTESIAN_POINT('',(14.587306690205,58.564581963445,
    23.984333103193));
#1753 = CARTESIAN_POINT('',(14.726751240231,58.316762441047,
    23.99487110595));
#1754 = CARTESIAN_POINT('',(14.83693270793,58.060413100002,
    23.998963878924));
#1755 = CARTESIAN_POINT('',(14.918674385975,57.79858715537,
    24.000000668146));
#1756 = CARTESIAN_POINT('',(14.972809871552,57.533628625094,
    23.999999835768));
#1757 = CARTESIAN_POINT('',(15.,57.26716026618,24.));
#1758 = CARTESIAN_POINT('',(15.,57.,24.));
#1759 = PCURVE('',#783,#1760);
#1760 = DEFINITIONAL_REPRESENTATION('',(#1761),#1813);
#1761 = B_SPLINE_CURVE_WITH_KNOTS('',8,(#1762,#1763,#1764,#1765,#1766,
    #1767,#1768,#1769,#1770,#1771,#1772,#1773,#1774,#1775,#1776,#1777,
    #1778,#1779,#1780,#1781,#1782,#1783,#1784,#1785,#1786,#1787,#1788,
    #1789,#1790,#1791,#1792,#1793,#1794,#1795,#1796,#1797,#1798,#1799,
    #1800,#1801,#1802,#1803,#1804,#1805,#1806,#1807,#1808,#1809,#1810,
    #1811,#1812),.UNSPECIFIED.,.F.,.F.,(9,7,7,7,7,7,7,9),(0.,
    0.129787093065,0.188764498289,0.305459236449,0.401348337502,
    0.446650431907,0.533748305281,1.),.UNSPECIFIED.);
#1762 = CARTESIAN_POINT('',(-8.881784197001E-16,-1.354248688935));
#1763 = CARTESIAN_POINT('',(-1.843091793805E-02,-1.291552599266));
#1764 = CARTESIAN_POINT('',(-3.747634669168E-02,-1.229784682507));
#1765 = CARTESIAN_POINT('',(-5.714463261381E-02,-1.169015259288));
#1766 = CARTESIAN_POINT('',(-7.744194332766E-02,-1.10932868306));
#1767 = CARTESIAN_POINT('',(-9.837178789037E-02,-1.050821484206));
#1768 = CARTESIAN_POINT('',(-0.119934249604,-0.993600041696));
#1769 = CARTESIAN_POINT('',(-0.142124931474,-0.937777782284));
#1770 = CARTESIAN_POINT('',(-0.175298257659,-0.858794417954));
#1771 = CARTESIAN_POINT('',(-0.185790220027,-0.834430754414));
#1772 = CARTESIAN_POINT('',(-0.196408339027,-0.810392315721));
#1773 = CARTESIAN_POINT('',(-0.207151147793,-0.78669074046));
#1774 = CARTESIAN_POINT('',(-0.218016841511,-0.763337799624));
#1775 = CARTESIAN_POINT('',(-0.22900324396,-0.740345289552));
#1776 = CARTESIAN_POINT('',(-0.240107774035,-0.717724924853));
#1777 = CARTESIAN_POINT('',(-0.27352697741,-0.651489938841));
#1778 = CARTESIAN_POINT('',(-0.296180438212,-0.608987253339));
#1779 = CARTESIAN_POINT('',(-0.31926067741,-0.568078011246));
#1780 = CARTESIAN_POINT('',(-0.342736888879,-0.528848567381));
#1781 = CARTESIAN_POINT('',(-0.366573983825,-0.491372001372));
#1782 = CARTESIAN_POINT('',(-0.390731996977,-0.455706324064));
#1783 = CARTESIAN_POINT('',(-0.415165492764,-0.42189268392));
#1784 = CARTESIAN_POINT('',(-0.460084240414,-0.363708923131));
#1785 = CARTESIAN_POINT('',(-0.480499639151,-0.338726278247));
#1786 = CARTESIAN_POINT('',(-0.501041317155,-0.315017939924));
#1787 = CARTESIAN_POINT('',(-0.52168272546,-0.292583012617));
#1788 = CARTESIAN_POINT('',(-0.542398551471,-0.271409140165));
#1789 = CARTESIAN_POINT('',(-0.563164653749,-0.251474241857));
#1790 = CARTESIAN_POINT('',(-0.583957996791,-0.232748248509));
#1791 = CARTESIAN_POINT('',(-0.614582724899,-0.206901860225));
#1792 = CARTESIAN_POINT('',(-0.624410341684,-0.198870386421));
#1793 = CARTESIAN_POINT('',(-0.634237300359,-0.191096358126));
#1794 = CARTESIAN_POINT('',(-0.644061592732,-0.18357545486));
#1795 = CARTESIAN_POINT('',(-0.653881338235,-0.176303094674));
#1796 = CARTESIAN_POINT('',(-0.663694783919,-0.169274434142));
#1797 = CARTESIAN_POINT('',(-0.673500304461,-0.162484368364));
#1798 = CARTESIAN_POINT('',(-0.702130394001,-0.143321345732));
#1799 = CARTESIAN_POINT('',(-0.720929429275,-0.131577564068));
#1800 = CARTESIAN_POINT('',(-0.73968309914,-0.120658344964));
#1801 = CARTESIAN_POINT('',(-0.758382724964,-0.110523814391));
#1802 = CARTESIAN_POINT('',(-0.777021256194,-0.101132838256));
#1803 = CARTESIAN_POINT('',(-0.795593168221,-9.24437953562E-02));
#1804 = CARTESIAN_POINT('',(-0.814094360256,-8.441535034009E-02));
#1805 = CARTESIAN_POINT('',(-0.931169043451,-3.735011349533E-02));
#1806 = CARTESIAN_POINT('',(-1.027214256356,-1.566689680681E-02));
#1807 = CARTESIAN_POINT('',(-1.121057439559,-5.128894048995E-03));
#1808 = CARTESIAN_POINT('',(-1.213042655301,-1.036121076859E-03));
#1809 = CARTESIAN_POINT('',(-1.303524890236,6.6814666555E-07));
#1810 = CARTESIAN_POINT('',(-1.392920030839,-1.642319256145E-07));
#1811 = CARTESIAN_POINT('',(-1.481742904735,-2.22044604925E-16));
#1812 = CARTESIAN_POINT('',(-1.570796326795,0.));
#1813 = ( GEOMETRIC_REPRESENTATION_CONTEXT(2) 
PARAMETRIC_REPRESENTATION_CONTEXT() REPRESENTATION_CONTEXT('2D SPACE',''
  ) );
#1814 = PCURVE('',#1134,#1815);
#1815 = DEFINITIONAL_REPRESENTATION('',(#1816),#1868);
#1816 = B_SPLINE_CURVE_WITH_KNOTS('',8,(#1817,#1818,#1819,#1820,#1821,
    #1822,#1823,#1824,#1825,#1826,#1827,#1828,#1829,#1830,#1831,#1832,
    #1833,#1834,#1835,#1836,#1837,#1838,#1839,#1840,#1841,#1842,#1843,
    #1844,#1845,#1846,#1847,#1848,#1849,#1850,#1851,#1852,#1853,#1854,
    #1855,#1856,#1857,#1858,#1859,#1860,#1861,#1862,#1863,#1864,#1865,
    #1866,#1867),.UNSPECIFIED.,.F.,.F.,(9,7,7,7,7,7,7,9),(0.,
    0.129787093065,0.188764498289,0.305459236449,0.401348337502,
    0.446650431907,0.533748305281,1.),.UNSPECIFIED.);
#1817 = CARTESIAN_POINT('',(0.722734247813,60.));
#1818 = CARTESIAN_POINT('',(0.74363294437,60.));
#1819 = CARTESIAN_POINT('',(0.76466245507,59.998835340611));
#1820 = CARTESIAN_POINT('',(0.785822906634,59.996370009949));
#1821 = CARTESIAN_POINT('',(0.807110130847,59.992459808757));
#1822 = CARTESIAN_POINT('',(0.828515524328,59.986953099809));
#1823 = CARTESIAN_POINT('',(0.850025721385,59.97969320193));
#1824 = CARTESIAN_POINT('',(0.871622079978,59.970522428659));
#1825 = CARTESIAN_POINT('',(0.903121689672,59.954182557209));
#1826 = CARTESIAN_POINT('',(0.912975827153,59.948651306296));
#1827 = CARTESIAN_POINT('',(0.922839905733,59.94267982401));
#1828 = CARTESIAN_POINT('',(0.932711139512,59.936254163575));
#1829 = CARTESIAN_POINT('',(0.942586435993,59.929360804766));
#1830 = CARTESIAN_POINT('',(0.952462387926,59.921986832444));
#1831 = CARTESIAN_POINT('',(0.962335265141,59.914120115099));
#1832 = CARTESIAN_POINT('',(0.991721703968,59.889187061349));
#1833 = CARTESIAN_POINT('',(1.011217267294,59.870649351977));
#1834 = CARTESIAN_POINT('',(1.030652940384,59.850052123812));
#1835 = CARTESIAN_POINT('',(1.049991730828,59.827325165206));
#1836 = CARTESIAN_POINT('',(1.069194522557,59.80241718915));
#1837 = CARTESIAN_POINT('',(1.088220188617,59.775300738115));
#1838 = CARTESIAN_POINT('',(1.107025703946,59.745977088885));
#1839 = CARTESIAN_POINT('',(1.140801195921,59.688600671228));
#1840 = CARTESIAN_POINT('',(1.155859434752,59.661249799149));
#1841 = CARTESIAN_POINT('',(1.170716643134,59.632446303455));
#1842 = CARTESIAN_POINT('',(1.185350761004,59.602218052193));
#1843 = CARTESIAN_POINT('',(1.199741866946,59.57060217988));
#1844 = CARTESIAN_POINT('',(1.213872045396,59.537644248229));
#1845 = CARTESIAN_POINT('',(1.227725253846,59.503397406868));
#1846 = CARTESIAN_POINT('',(1.247694426197,59.451161250595));
#1847 = CARTESIAN_POINT('',(1.254036846605,59.434126058634));
#1848 = CARTESIAN_POINT('',(1.260313069126,59.416822027976));
#1849 = CARTESIAN_POINT('',(1.266521832657,59.399255296881));
#1850 = CARTESIAN_POINT('',(1.272661997137,59.381432092071));
#1851 = CARTESIAN_POINT('',(1.278732543548,59.363358728731));
#1852 = CARTESIAN_POINT('',(1.284732573915,59.345041610509));
#1853 = CARTESIAN_POINT('',(1.302059910544,59.290814549313));
#1854 = CARTESIAN_POINT('',(1.313194884222,59.254264901284));
#1855 = CARTESIAN_POINT('',(1.324060792898,59.216883520913));
#1856 = CARTESIAN_POINT('',(1.334653665754,59.178715485367));
#1857 = CARTESIAN_POINT('',(1.344970821851,59.139805083975));
#1858 = CARTESIAN_POINT('',(1.355010691379,59.100195188709));
#1859 = CARTESIAN_POINT('',(1.364772636912,59.059926624662));
#1860 = CARTESIAN_POINT('',(1.425027191043,58.800150396285));
#1861 = CARTESIAN_POINT('',(1.467581633156,58.564581963445));
#1862 = CARTESIAN_POINT('',(1.502484988978,58.316762441047));
#1863 = CARTESIAN_POINT('',(1.530028880269,58.060413100002));
#1864 = CARTESIAN_POINT('',(1.55046520166,57.79858715537));
#1865 = CARTESIAN_POINT('',(1.563998733092,57.533628625094));
#1866 = CARTESIAN_POINT('',(1.570796326795,57.26716026618));
#1867 = CARTESIAN_POINT('',(1.570796326795,57.));
#1868 = ( GEOMETRIC_REPRESENTATION_CONTEXT(2) 
PARAMETRIC_REPRESENTATION_CONTEXT() REPRESENTATION_CONTEXT('2D SPACE',''
  ) );
#1869 = ORIENTED_EDGE('',*,*,#1870,.T.);
#1870 = EDGE_CURVE('',#1704,#735,#1871,.T.);
#1871 = SURFACE_CURVE('',#1872,(#1876,#1883),.PCURVE_S1.);
#1872 = LINE('',#1873,#1874);
#1873 = CARTESIAN_POINT('',(15.,57.,24.));
#1874 = VECTOR('',#1875,1.);
#1875 = DIRECTION('',(0.,0.,1.));
#1876 = PCURVE('',#783,#1877);
#1877 = DEFINITIONAL_REPRESENTATION('',(#1878),#1882);
#1878 = LINE('',#1879,#1880);
#1879 = CARTESIAN_POINT('',(-1.570796326795,0.));
#1880 = VECTOR('',#1881,1.);
#1881 = DIRECTION('',(-0.,1.));
#1882 = ( GEOMETRIC_REPRESENTATION_CONTEXT(2) 
PARAMETRIC_REPRESENTATION_CONTEXT() REPRESENTATION_CONTEXT('2D SPACE',''
  ) );
#1883 = PCURVE('',#750,#1884);
#1884 = DEFINITIONAL_REPRESENTATION('',(#1885),#1889);
#1885 = LINE('',#1886,#1887);
#1886 = CARTESIAN_POINT('',(42.,-24.));
#1887 = VECTOR('',#1888,1.);
#1888 = DIRECTION('',(0.,-1.));
#1889 = ( GEOMETRIC_REPRESENTATION_CONTEXT(2) 
PARAMETRIC_REPRESENTATION_CONTEXT() REPRESENTATION_CONTEXT('2D SPACE',''
  ) );
#1890 = ORIENTED_EDGE('',*,*,#762,.F.);
#1891 = ORIENTED_EDGE('',*,*,#1174,.F.);
#1892 = ADVANCED_FACE('',(#1893),#722,.F.);
#1893 = FACE_BOUND('',#1894,.T.);
#1894 = EDGE_LOOP('',(#1895,#2041,#2062,#2063));
#1895 = ORIENTED_EDGE('',*,*,#1896,.T.);
#1896 = EDGE_CURVE('',#1204,#1897,#1899,.T.);
#1897 = VERTEX_POINT('',#1898);
#1898 = CARTESIAN_POINT('',(15.,18.,24.));
#1899 = SURFACE_CURVE('',#1900,(#1945,#1993),.PCURVE_S1.);
#1900 = B_SPLINE_CURVE_WITH_KNOTS('',8,(#1901,#1902,#1903,#1904,#1905,
    #1906,#1907,#1908,#1909,#1910,#1911,#1912,#1913,#1914,#1915,#1916,
    #1917,#1918,#1919,#1920,#1921,#1922,#1923,#1924,#1925,#1926,#1927,
    #1928,#1929,#1930,#1931,#1932,#1933,#1934,#1935,#1936,#1937,#1938,
    #1939,#1940,#1941,#1942,#1943,#1944),.UNSPECIFIED.,.F.,.F.,(9,7,7,7,
    7,7,9),(0.,0.129782433491,0.188758227643,0.305449536087,
    0.401335827038,0.533735715942,1.),.UNSPECIFIED.);
#1901 = CARTESIAN_POINT('',(18.,15.,22.645751311065));
#1902 = CARTESIAN_POINT('',(17.944707112971,15.,22.708447551786));
#1903 = CARTESIAN_POINT('',(17.88757092294,15.001164663401,
    22.770215326267));
#1904 = CARTESIAN_POINT('',(17.828594817937,15.003629989756,
    22.83098466611));
#1905 = CARTESIAN_POINT('',(17.767796662129,15.007540185931,
    22.890671350785));
#1906 = CARTESIAN_POINT('',(17.705212023786,15.013046911319,
    22.949178808781));
#1907 = CARTESIAN_POINT('',(17.640897803795,15.02030686,23.00640049468)
  );
#1908 = CARTESIAN_POINT('',(17.574936264701,15.029477679831,
    23.062222742134));
#1909 = CARTESIAN_POINT('',(17.476767530853,15.04581743732,
    23.141205555601));
#1910 = CARTESIAN_POINT('',(17.445779260977,15.051348689156,
    23.165569229231));
#1911 = CARTESIAN_POINT('',(17.414485742707,15.057320173517,
    23.189607675692));
#1912 = CARTESIAN_POINT('',(17.382899482185,15.063745831845,
    23.213309239178));
#1913 = CARTESIAN_POINT('',(17.351034465804,15.070639181883,
    23.236662150431));
#1914 = CARTESIAN_POINT('',(17.318906226368,15.078013142076,
    23.25965463113));
#1915 = CARTESIAN_POINT('',(17.28653190924,15.08587985597,
    23.282274998289));
#1916 = CARTESIAN_POINT('',(17.189423874437,15.110812961549,
    23.348510121987));
#1917 = CARTESIAN_POINT('',(17.124019073367,15.129350677144,
    23.391012807104));
#1918 = CARTESIAN_POINT('',(17.057872295292,15.149947901825,
    23.431922030315));
#1919 = CARTESIAN_POINT('',(16.991158068008,15.172674853395,
    23.471151457627));
#1920 = CARTESIAN_POINT('',(16.92406746264,15.197582823321,
    23.508628014907));
#1921 = CARTESIAN_POINT('',(16.856806469171,15.224699271004,
    23.544293688046));
#1922 = CARTESIAN_POINT('',(16.789594371966,15.254022918062,
    23.578107323125));
#1923 = CARTESIAN_POINT('',(16.667663300088,15.311399325258,
    23.636291073305));
#1924 = CARTESIAN_POINT('',(16.612845653772,15.3387500517,
    23.661273573325));
#1925 = CARTESIAN_POINT('',(16.55833487706,15.36755339291,
    23.684981807375));
#1926 = CARTESIAN_POINT('',(16.504250378567,15.397781589502,
    23.707416741202));
#1927 = CARTESIAN_POINT('',(16.450704766639,15.429397560059,
    23.728590718367));
#1928 = CARTESIAN_POINT('',(16.397803331168,15.462355709469,
    23.74852575304));
#1929 = CARTESIAN_POINT('',(16.34564352541,15.49660273726,
    23.767251822805));
#1930 = CARTESIAN_POINT('',(16.223439204778,15.58106334087,
    23.809042829483));
#1931 = CARTESIAN_POINT('',(16.154142791208,15.63239443678,
    23.83104631711));
#1932 = CARTESIAN_POINT('',(16.086648529699,15.685922288809,
    23.850914909175));
#1933 = CARTESIAN_POINT('',(16.021133862351,15.741487289053,
    23.868774756798));
#1934 = CARTESIAN_POINT('',(15.957735585945,15.79892722449,
    23.884766699088));
#1935 = CARTESIAN_POINT('',(15.896555065196,15.858083703057,
    23.899037110296));
#1936 = CARTESIAN_POINT('',(15.837663424055,15.918807447848,
    23.911731772435));
#1937 = CARTESIAN_POINT('',(15.58193454321,16.199849818325,
    23.962649925387));
#1938 = CARTESIAN_POINT('',(15.41269311764,16.435418344632,
    23.984333118031));
#1939 = CARTESIAN_POINT('',(15.273248611908,16.683237879371,
    23.994871113473));
#1940 = CARTESIAN_POINT('',(15.163067197169,16.939587187675,
    23.99896387989));
#1941 = CARTESIAN_POINT('',(15.081325556582,17.201413090786,
    24.000000668678));
#1942 = CARTESIAN_POINT('',(15.027190098669,17.46637157585,
    23.999999835655));
#1943 = CARTESIAN_POINT('',(15.,17.732839881115,24.));
#1944 = CARTESIAN_POINT('',(15.,18.,24.));
#1945 = PCURVE('',#722,#1946);
#1946 = DEFINITIONAL_REPRESENTATION('',(#1947),#1992);
#1947 = B_SPLINE_CURVE_WITH_KNOTS('',8,(#1948,#1949,#1950,#1951,#1952,
    #1953,#1954,#1955,#1956,#1957,#1958,#1959,#1960,#1961,#1962,#1963,
    #1964,#1965,#1966,#1967,#1968,#1969,#1970,#1971,#1972,#1973,#1974,
    #1975,#1976,#1977,#1978,#1979,#1980,#1981,#1982,#1983,#1984,#1985,
    #1986,#1987,#1988,#1989,#1990,#1991),.UNSPECIFIED.,.F.,.F.,(9,7,7,7,
    7,7,9),(0.,0.129782433491,0.188758227643,0.305449536087,
    0.401335827038,0.533735715942,1.),.UNSPECIFIED.);
#1948 = CARTESIAN_POINT('',(0.,-1.354248688935));
#1949 = CARTESIAN_POINT('',(-1.843096234314E-02,-1.291552448214));
#1950 = CARTESIAN_POINT('',(-3.747635293729E-02,-1.229784673733));
#1951 = CARTESIAN_POINT('',(-5.714460967901E-02,-1.16901533389));
#1952 = CARTESIAN_POINT('',(-7.744194904271E-02,-1.109328649215));
#1953 = CARTESIAN_POINT('',(-9.837188322104E-02,-1.050821191219));
#1954 = CARTESIAN_POINT('',(-0.11993444948,-0.99359950532));
#1955 = CARTESIAN_POINT('',(-0.142125151731,-0.937777257866));
#1956 = CARTESIAN_POINT('',(-0.175298246552,-0.858794444399));
#1957 = CARTESIAN_POINT('',(-0.18579021259,-0.834430770769));
#1958 = CARTESIAN_POINT('',(-0.196408335062,-0.810392324308));
#1959 = CARTESIAN_POINT('',(-0.207151139,-0.786690760822));
#1960 = CARTESIAN_POINT('',(-0.218016818945,-0.763337849569));
#1961 = CARTESIAN_POINT('',(-0.229003206062,-0.74034536887));
#1962 = CARTESIAN_POINT('',(-0.240107735257,-0.717725001711));
#1963 = CARTESIAN_POINT('',(-0.273527008101,-0.651489878013));
#1964 = CARTESIAN_POINT('',(-0.296180471679,-0.608987192896));
#1965 = CARTESIAN_POINT('',(-0.319260703021,-0.568077969685));
#1966 = CARTESIAN_POINT('',(-0.342736905721,-0.528848542373));
#1967 = CARTESIAN_POINT('',(-0.366573994886,-0.491371985093));
#1968 = CARTESIAN_POINT('',(-0.390732005072,-0.455706311954));
#1969 = CARTESIAN_POINT('',(-0.415165498203,-0.421892676875));
#1970 = CARTESIAN_POINT('',(-0.460084237663,-0.363708926695));
#1971 = CARTESIAN_POINT('',(-0.480499521007,-0.338726426675));
#1972 = CARTESIAN_POINT('',(-0.501041097388,-0.315018192625));
#1973 = CARTESIAN_POINT('',(-0.521682488076,-0.292583258798));
#1974 = CARTESIAN_POINT('',(-0.542398395061,-0.271409281633));
#1975 = CARTESIAN_POINT('',(-0.563164636356,-0.25147424696));
#1976 = CARTESIAN_POINT('',(-0.58395808129,-0.232748177195));
#1977 = CARTESIAN_POINT('',(-0.6334751822,-0.190957170517));
#1978 = CARTESIAN_POINT('',(-0.662205491761,-0.16895368289));
#1979 = CARTESIAN_POINT('',(-0.690894064313,-0.149085090825));
#1980 = CARTESIAN_POINT('',(-0.719498180113,-0.131225243202));
#1981 = CARTESIAN_POINT('',(-0.747984433845,-0.115233300912));
#1982 = CARTESIAN_POINT('',(-0.776327679455,-0.100962889704));
#1983 = CARTESIAN_POINT('',(-0.804510335809,-8.826822756546E-02));
#1984 = CARTESIAN_POINT('',(-0.93116914017,-3.735007461305E-02));
#1985 = CARTESIAN_POINT('',(-1.027214375415,-1.566688196919E-02));
#1986 = CARTESIAN_POINT('',(-1.121057556024,-5.128886527047E-03));
#1987 = CARTESIAN_POINT('',(-1.213042754956,-1.036120109579E-03));
#1988 = CARTESIAN_POINT('',(-1.303524974166,6.686780480436E-07));
#1989 = CARTESIAN_POINT('',(-1.392920097796,-1.64345227649E-07));
#1990 = CARTESIAN_POINT('',(-1.481742953833,0.));
#1991 = CARTESIAN_POINT('',(-1.570796326795,0.));
#1992 = ( GEOMETRIC_REPRESENTATION_CONTEXT(2) 
PARAMETRIC_REPRESENTATION_CONTEXT() REPRESENTATION_CONTEXT('2D SPACE',''
  ) );
#1993 = PCURVE('',#1134,#1994);
#1994 = DEFINITIONAL_REPRESENTATION('',(#1995),#2040);
#1995 = B_SPLINE_CURVE_WITH_KNOTS('',8,(#1996,#1997,#1998,#1999,#2000,
    #2001,#2002,#2003,#2004,#2005,#2006,#2007,#2008,#2009,#2010,#2011,
    #2012,#2013,#2014,#2015,#2016,#2017,#2018,#2019,#2020,#2021,#2022,
    #2023,#2024,#2025,#2026,#2027,#2028,#2029,#2030,#2031,#2032,#2033,
    #2034,#2035,#2036,#2037,#2038,#2039),.UNSPECIFIED.,.F.,.F.,(9,7,7,7,
    7,7,9),(0.,0.129782433491,0.188758227643,0.305449536087,
    0.401335827038,0.533735715942,1.),.UNSPECIFIED.);
#1996 = CARTESIAN_POINT('',(2.418858405776,15.));
#1997 = CARTESIAN_POINT('',(2.397959658869,15.));
#1998 = CARTESIAN_POINT('',(2.376930193644,15.001164663401));
#1999 = CARTESIAN_POINT('',(2.355769772358,15.003629989756));
#2000 = CARTESIAN_POINT('',(2.334482513791,15.007540185931));
#2001 = CARTESIAN_POINT('',(2.313077027014,15.013046911319));
#2002 = CARTESIAN_POINT('',(2.291566731624,15.02030686));
#2003 = CARTESIAN_POINT('',(2.269970364467,15.029477679831));
#2004 = CARTESIAN_POINT('',(2.238470974464,15.04581743732));
#2005 = CARTESIAN_POINT('',(2.22861683326,15.051348689156));
#2006 = CARTESIAN_POINT('',(2.218752751471,15.057320173517));
#2007 = CARTESIAN_POINT('',(2.208881522328,15.063745831845));
#2008 = CARTESIAN_POINT('',(2.199006238361,15.070639181883));
#2009 = CARTESIAN_POINT('',(2.189130299731,15.078013142076));
#2010 = CARTESIAN_POINT('',(2.179257422548,15.08587985597));
#2011 = CARTESIAN_POINT('',(2.149870922634,15.110812961549));
#2012 = CARTESIAN_POINT('',(2.130375357919,15.129350677144));
#2013 = CARTESIAN_POINT('',(2.11093969233,15.149947901825));
#2014 = CARTESIAN_POINT('',(2.091600909454,15.172674853395));
#2015 = CARTESIAN_POINT('',(2.072398122331,15.197582823321));
#2016 = CARTESIAN_POINT('',(2.053372458583,15.224699271004));
#2017 = CARTESIAN_POINT('',(2.034566945555,15.254022918062));
#2018 = CARTESIAN_POINT('',(2.000791459738,15.311399325258));
#2019 = CARTESIAN_POINT('',(1.98573330659,15.3387500517));
#2020 = CARTESIAN_POINT('',(1.97087616874,15.36755339291));
#2021 = CARTESIAN_POINT('',(1.95624205793,15.397781589502));
#2022 = CARTESIAN_POINT('',(1.941850891307,15.429397560059));
#2023 = CARTESIAN_POINT('',(1.927720617825,15.462355709469));
#2024 = CARTESIAN_POINT('',(1.913867344645,15.49660273726));
#2025 = CARTESIAN_POINT('',(1.881579204194,15.58106334087));
#2026 = CARTESIAN_POINT('',(1.863407157401,15.63239443678));
#2027 = CARTESIAN_POINT('',(1.845824080579,15.685922288809));
#2028 = CARTESIAN_POINT('',(1.828854280093,15.741487289053));
#2029 = CARTESIAN_POINT('',(1.812513732032,15.79892722449));
#2030 = CARTESIAN_POINT('',(1.796811807751,15.858083703057));
#2031 = CARTESIAN_POINT('',(1.781752604186,15.918807447848));
#2032 = CARTESIAN_POINT('',(1.716565412768,16.199849818325));
#2033 = CARTESIAN_POINT('',(1.674010972587,16.435418344632));
#2034 = CARTESIAN_POINT('',(1.639107627459,16.683237879371));
#2035 = CARTESIAN_POINT('',(1.611563749706,16.939587187675));
#2036 = CARTESIAN_POINT('',(1.591127437522,17.201413090786));
#2037 = CARTESIAN_POINT('',(1.577593913063,17.46637157585));
#2038 = CARTESIAN_POINT('',(1.570796326795,17.732839881115));
#2039 = CARTESIAN_POINT('',(1.570796326795,18.));
#2040 = ( GEOMETRIC_REPRESENTATION_CONTEXT(2) 
PARAMETRIC_REPRESENTATION_CONTEXT() REPRESENTATION_CONTEXT('2D SPACE',''
  ) );
#2041 = ORIENTED_EDGE('',*,*,#2042,.T.);
#2042 = EDGE_CURVE('',#1897,#702,#2043,.T.);
#2043 = SURFACE_CURVE('',#2044,(#2048,#2055),.PCURVE_S1.);
#2044 = LINE('',#2045,#2046);
#2045 = CARTESIAN_POINT('',(15.,18.,24.));
#2046 = VECTOR('',#2047,1.);
#2047 = DIRECTION('',(0.,0.,1.));
#2048 = PCURVE('',#722,#2049);
#2049 = DEFINITIONAL_REPRESENTATION('',(#2050),#2054);
#2050 = LINE('',#2051,#2052);
#2051 = CARTESIAN_POINT('',(-1.570796326795,0.));
#2052 = VECTOR('',#2053,1.);
#2053 = DIRECTION('',(-0.,1.));
#2054 = ( GEOMETRIC_REPRESENTATION_CONTEXT(2) 
PARAMETRIC_REPRESENTATION_CONTEXT() REPRESENTATION_CONTEXT('2D SPACE',''
  ) );
#2055 = PCURVE('',#750,#2056);
#2056 = DEFINITIONAL_REPRESENTATION('',(#2057),#2061);
#2057 = LINE('',#2058,#2059);
#2058 = CARTESIAN_POINT('',(3.,-24.));
#2059 = VECTOR('',#2060,1.);
#2060 = DIRECTION('',(0.,-1.));
#2061 = ( GEOMETRIC_REPRESENTATION_CONTEXT(2) 
PARAMETRIC_REPRESENTATION_CONTEXT() REPRESENTATION_CONTEXT('2D SPACE',''
  ) );
#2062 = ORIENTED_EDGE('',*,*,#701,.F.);
#2063 = ORIENTED_EDGE('',*,*,#1203,.F.);
#2064 = ADVANCED_FACE('',(#2065),#750,.F.);
#2065 = FACE_BOUND('',#2066,.F.);
#2066 = EDGE_LOOP('',(#2067,#2086,#2087,#2088));
#2067 = ORIENTED_EDGE('',*,*,#2068,.F.);
#2068 = EDGE_CURVE('',#1897,#1704,#2069,.T.);
#2069 = SURFACE_CURVE('',#2070,(#2074,#2080),.PCURVE_S1.);
#2070 = LINE('',#2071,#2072);
#2071 = CARTESIAN_POINT('',(15.,0.,24.));
#2072 = VECTOR('',#2073,1.);
#2073 = DIRECTION('',(0.,1.,0.));
#2074 = PCURVE('',#750,#2075);
#2075 = DEFINITIONAL_REPRESENTATION('',(#2076),#2079);
#2076 = B_SPLINE_CURVE_WITH_KNOTS('',1,(#2077,#2078),.UNSPECIFIED.,.F.,
  .F.,(2,2),(10.5,64.5),.PIECEWISE_BEZIER_KNOTS.);
#2077 = CARTESIAN_POINT('',(-4.5,-24.));
#2078 = CARTESIAN_POINT('',(49.5,-24.));
#2079 = ( GEOMETRIC_REPRESENTATION_CONTEXT(2) 
PARAMETRIC_REPRESENTATION_CONTEXT() REPRESENTATION_CONTEXT('2D SPACE',''
  ) );
#2080 = PCURVE('',#1134,#2081);
#2081 = DEFINITIONAL_REPRESENTATION('',(#2082),#2085);
#2082 = B_SPLINE_CURVE_WITH_KNOTS('',1,(#2083,#2084),.UNSPECIFIED.,.F.,
  .F.,(2,2),(10.5,64.5),.PIECEWISE_BEZIER_KNOTS.);
#2083 = CARTESIAN_POINT('',(1.570796326795,10.5));
#2084 = CARTESIAN_POINT('',(1.570796326795,64.5));
#2085 = ( GEOMETRIC_REPRESENTATION_CONTEXT(2) 
PARAMETRIC_REPRESENTATION_CONTEXT() REPRESENTATION_CONTEXT('2D SPACE',''
  ) );
#2086 = ORIENTED_EDGE('',*,*,#2042,.T.);
#2087 = ORIENTED_EDGE('',*,*,#734,.T.);
#2088 = ORIENTED_EDGE('',*,*,#1870,.F.);
#2089 = ADVANCED_FACE('',(#2090,#2093),#888,.F.);
#2090 = FACE_BOUND('',#2091,.F.);
#2091 = EDGE_LOOP('',(#2092));
#2092 = ORIENTED_EDGE('',*,*,#871,.T.);
#2093 = FACE_BOUND('',#2094,.F.);
#2094 = EDGE_LOOP('',(#2095));
#2095 = ORIENTED_EDGE('',*,*,#2096,.F.);
#2096 = EDGE_CURVE('',#2097,#2097,#2099,.T.);
#2097 = VERTEX_POINT('',#2098);
#2098 = CARTESIAN_POINT('',(11.,4.,20.));
#2099 = SURFACE_CURVE('',#2100,(#2105,#2112),.PCURVE_S1.);
#2100 = CIRCLE('',#2101,4.);
#2101 = AXIS2_PLACEMENT_3D('',#2102,#2103,#2104);
#2102 = CARTESIAN_POINT('',(15.,4.,20.));
#2103 = DIRECTION('',(0.,1.,-0.));
#2104 = DIRECTION('',(-1.,0.,0.));
#2105 = PCURVE('',#888,#2106);
#2106 = DEFINITIONAL_REPRESENTATION('',(#2107),#2111);
#2107 = CIRCLE('',#2108,4.);
#2108 = AXIS2_PLACEMENT_2D('',#2109,#2110);
#2109 = CARTESIAN_POINT('',(0.,0.));
#2110 = DIRECTION('',(1.,0.));
#2111 = ( GEOMETRIC_REPRESENTATION_CONTEXT(2) 
PARAMETRIC_REPRESENTATION_CONTEXT() REPRESENTATION_CONTEXT('2D SPACE',''
  ) );
#2112 = PCURVE('',#1134,#2113);
#2113 = DEFINITIONAL_REPRESENTATION('',(#2114),#2118);
#2114 = LINE('',#2115,#2116);
#2115 = CARTESIAN_POINT('',(0.,4.));
#2116 = VECTOR('',#2117,1.);
#2117 = DIRECTION('',(1.,0.));
#2118 = ( GEOMETRIC_REPRESENTATION_CONTEXT(2) 
PARAMETRIC_REPRESENTATION_CONTEXT() REPRESENTATION_CONTEXT('2D SPACE',''
  ) );
#2119 = ADVANCED_FACE('',(#2120,#2123),#943,.F.);
#2120 = FACE_BOUND('',#2121,.F.);
#2121 = EDGE_LOOP('',(#2122));
#2122 = ORIENTED_EDGE('',*,*,#926,.T.);
#2123 = FACE_BOUND('',#2124,.F.);
#2124 = EDGE_LOOP('',(#2125));
#2125 = ORIENTED_EDGE('',*,*,#2126,.F.);
#2126 = EDGE_CURVE('',#2127,#2127,#2129,.T.);
#2127 = VERTEX_POINT('',#2128);
#2128 = CARTESIAN_POINT('',(41.,4.,20.));
#2129 = SURFACE_CURVE('',#2130,(#2135,#2142),.PCURVE_S1.);
#2130 = CIRCLE('',#2131,4.);
#2131 = AXIS2_PLACEMENT_3D('',#2132,#2133,#2134);
#2132 = CARTESIAN_POINT('',(45.,4.,20.));
#2133 = DIRECTION('',(0.,1.,-0.));
#2134 = DIRECTION('',(-1.,0.,0.));
#2135 = PCURVE('',#943,#2136);
#2136 = DEFINITIONAL_REPRESENTATION('',(#2137),#2141);
#2137 = CIRCLE('',#2138,4.);
#2138 = AXIS2_PLACEMENT_2D('',#2139,#2140);
#2139 = CARTESIAN_POINT('',(0.,0.));
#2140 = DIRECTION('',(1.,0.));
#2141 = ( GEOMETRIC_REPRESENTATION_CONTEXT(2) 
PARAMETRIC_REPRESENTATION_CONTEXT() REPRESENTATION_CONTEXT('2D SPACE',''
  ) );
#2142 = PCURVE('',#1298,#2143);
#2143 = DEFINITIONAL_REPRESENTATION('',(#2144),#2148);
#2144 = LINE('',#2145,#2146);
#2145 = CARTESIAN_POINT('',(0.,4.));
#2146 = VECTOR('',#2147,1.);
#2147 = DIRECTION('',(1.,0.));
#2148 = ( GEOMETRIC_REPRESENTATION_CONTEXT(2) 
PARAMETRIC_REPRESENTATION_CONTEXT() REPRESENTATION_CONTEXT('2D SPACE',''
  ) );
#2149 = ADVANCED_FACE('',(#2150),#1134,.F.);
#2150 = FACE_BOUND('',#2151,.F.);
#2151 = EDGE_LOOP('',(#2152,#2153,#2174,#2175,#2176,#2177,#2178,#2179,
    #2180,#2181,#2182,#2183));
#2152 = ORIENTED_EDGE('',*,*,#1146,.F.);
#2153 = ORIENTED_EDGE('',*,*,#2154,.F.);
#2154 = EDGE_CURVE('',#2097,#1114,#2155,.T.);
#2155 = SEAM_CURVE('',#2156,(#2160,#2167),.PCURVE_S1.);
#2156 = LINE('',#2157,#2158);
#2157 = CARTESIAN_POINT('',(11.,0.,20.));
#2158 = VECTOR('',#2159,1.);
#2159 = DIRECTION('',(0.,1.,0.));
#2160 = PCURVE('',#1134,#2161);
#2161 = DEFINITIONAL_REPRESENTATION('',(#2162),#2166);
#2162 = LINE('',#2163,#2164);
#2163 = CARTESIAN_POINT('',(0.,-0.));
#2164 = VECTOR('',#2165,1.);
#2165 = DIRECTION('',(0.,1.));
#2166 = ( GEOMETRIC_REPRESENTATION_CONTEXT(2) 
PARAMETRIC_REPRESENTATION_CONTEXT() REPRESENTATION_CONTEXT('2D SPACE',''
  ) );
#2167 = PCURVE('',#1134,#2168);
#2168 = DEFINITIONAL_REPRESENTATION('',(#2169),#2173);
#2169 = LINE('',#2170,#2171);
#2170 = CARTESIAN_POINT('',(6.28318530718,-0.));
#2171 = VECTOR('',#2172,1.);
#2172 = DIRECTION('',(0.,1.));
#2173 = ( GEOMETRIC_REPRESENTATION_CONTEXT(2) 
PARAMETRIC_REPRESENTATION_CONTEXT() REPRESENTATION_CONTEXT('2D SPACE',''
  ) );
#2174 = ORIENTED_EDGE('',*,*,#2096,.T.);
#2175 = ORIENTED_EDGE('',*,*,#2154,.T.);
#2176 = ORIENTED_EDGE('',*,*,#1113,.F.);
#2177 = ORIENTED_EDGE('',*,*,#1337,.T.);
#2178 = ORIENTED_EDGE('',*,*,#1680,.F.);
#2179 = ORIENTED_EDGE('',*,*,#1530,.F.);
#2180 = ORIENTED_EDGE('',*,*,#1226,.F.);
#2181 = ORIENTED_EDGE('',*,*,#1896,.T.);
#2182 = ORIENTED_EDGE('',*,*,#2068,.T.);
#2183 = ORIENTED_EDGE('',*,*,#1703,.F.);
#2184 = ADVANCED_FACE('',(#2185),#1298,.F.);
#2185 = FACE_BOUND('',#2186,.F.);
#2186 = EDGE_LOOP('',(#2187,#2188,#2209,#2210));
#2187 = ORIENTED_EDGE('',*,*,#2126,.T.);
#2188 = ORIENTED_EDGE('',*,*,#2189,.T.);
#2189 = EDGE_CURVE('',#2127,#1278,#2190,.T.);
#2190 = SEAM_CURVE('',#2191,(#2195,#2202),.PCURVE_S1.);
#2191 = LINE('',#2192,#2193);
#2192 = CARTESIAN_POINT('',(41.,0.,20.));
#2193 = VECTOR('',#2194,1.);
#2194 = DIRECTION('',(0.,1.,0.));
#2195 = PCURVE('',#1298,#2196);
#2196 = DEFINITIONAL_REPRESENTATION('',(#2197),#2201);
#2197 = LINE('',#2198,#2199);
#2198 = CARTESIAN_POINT('',(0.,-0.));
#2199 = VECTOR('',#2200,1.);
#2200 = DIRECTION('',(0.,1.));
#2201 = ( GEOMETRIC_REPRESENTATION_CONTEXT(2) 
PARAMETRIC_REPRESENTATION_CONTEXT() REPRESENTATION_CONTEXT('2D SPACE',''
  ) );
#2202 = PCURVE('',#1298,#2203);
#2203 = DEFINITIONAL_REPRESENTATION('',(#2204),#2208);
#2204 = LINE('',#2205,#2206);
#2205 = CARTESIAN_POINT('',(6.28318530718,-0.));
#2206 = VECTOR('',#2207,1.);
#2207 = DIRECTION('',(0.,1.));
#2208 = ( GEOMETRIC_REPRESENTATION_CONTEXT(2) 
PARAMETRIC_REPRESENTATION_CONTEXT() REPRESENTATION_CONTEXT('2D SPACE',''
  ) );
#2209 = ORIENTED_EDGE('',*,*,#1277,.F.);
#2210 = ORIENTED_EDGE('',*,*,#2189,.F.);
#2211 = ( GEOMETRIC_REPRESENTATION_CONTEXT(3) 
GLOBAL_UNCERTAINTY_ASSIGNED_CONTEXT((#2215)) 
GLOBAL_UNIT_ASSIGNED_CONTEXT((#2212,#2213,#2214)) REPRESENTATION_CONTEXT
('Context #1','3D Context with UNIT and UNCERTAINTY') );
#2212 = ( LENGTH_UNIT() NAMED_UNIT(*) SI_UNIT(.MILLI.,.METRE.) );
#2213 = ( NAMED_UNIT(*) PLANE_ANGLE_UNIT() SI_UNIT($,.RADIAN.) );
#2214 = ( NAMED_UNIT(*) SI_UNIT($,.STERADIAN.) SOLID_ANGLE_UNIT() );
#2215 = UNCERTAINTY_MEASURE_WITH_UNIT(LENGTH_MEASURE(1.E-07),#2212,
  'distance_accuracy_value','confusion accuracy');
#2216 = PRODUCT_RELATED_PRODUCT_CATEGORY('part',$,(#7));
ENDSEC;
END-ISO-10303-21;
