ISO-10303-21;
HEADER;
FILE_DESCRIPTION(('Open CASCADE Model'),'2;1');
FILE_NAME('Open CASCADE Shape Model','2026-07-21T16:01:17',('Author'),(
    'Open CASCADE'),'Open CASCADE STEP processor 7.9','Open CASCADE 7.9'
  ,'Unknown');
FILE_SCHEMA(('AUTOMOTIVE_DESIGN { 1 0 10303 214 1 1 1 1 }'));
ENDSEC;
DATA;
#1 = APPLICATION_PROTOCOL_DEFINITION('international standard',
  'automotive_design',2000,#2);
#2 = APPLICATION_CONTEXT(
  'core data for automotive mechanical design processes');
#3 = SHAPE_DEFINITION_REPRESENTATION(#4,#10);
#4 = PRODUCT_DEFINITION_SHAPE('','',#5);
#5 = PRODUCT_DEFINITION('design','',#6,#9);
#6 = PRODUCT_DEFINITION_FORMATION('','',#7);
#7 = PRODUCT('Open CASCADE STEP translator 7.9 1',
  'Open CASCADE STEP translator 7.9 1','',(#8));
#8 = PRODUCT_CONTEXT('',#2,'mechanical');
#9 = PRODUCT_DEFINITION_CONTEXT('part definition',#2,'design');
#10 = ADVANCED_BREP_SHAPE_REPRESENTATION('',(#11,#15),#2205);
#11 = AXIS2_PLACEMENT_3D('',#12,#13,#14);
#12 = CARTESIAN_POINT('',(0.,0.,0.));
#13 = DIRECTION('',(0.,0.,1.));
#14 = DIRECTION('',(1.,0.,-0.));
#15 = MANIFOLD_SOLID_BREP('',#16);
#16 = CLOSED_SHELL('',(#17,#168,#249,#352,#432,#481,#536,#599,#659,#739,
    #777,#832,#886,#893,#948,#1002,#1056,#1091,#1145,#1574,#1578,#1627,
    #1662,#2120,#2146,#2201));
#17 = ADVANCED_FACE('',(#18,#137),#32,.F.);
#18 = FACE_BOUND('',#19,.F.);
#19 = EDGE_LOOP('',(#20,#55,#83,#111));
#20 = ORIENTED_EDGE('',*,*,#21,.F.);
#21 = EDGE_CURVE('',#22,#24,#26,.T.);
#22 = VERTEX_POINT('',#23);
#23 = CARTESIAN_POINT('',(-20.,-20.,-18.5));
#24 = VERTEX_POINT('',#25);
#25 = CARTESIAN_POINT('',(-20.,-20.,20.));
#26 = SURFACE_CURVE('',#27,(#31,#43),.PCURVE_S1.);
#27 = LINE('',#28,#29);
#28 = CARTESIAN_POINT('',(-20.,-20.,-20.));
#29 = VECTOR('',#30,1.);
#30 = DIRECTION('',(0.,0.,1.));
#31 = PCURVE('',#32,#37);
#32 = PLANE('',#33);
#33 = AXIS2_PLACEMENT_3D('',#34,#35,#36);
#34 = CARTESIAN_POINT('',(-20.,-20.,-20.));
#35 = DIRECTION('',(1.,0.,0.));
#36 = DIRECTION('',(0.,0.,1.));
#37 = DEFINITIONAL_REPRESENTATION('',(#38),#42);
#38 = LINE('',#39,#40);
#39 = CARTESIAN_POINT('',(0.,0.));
#40 = VECTOR('',#41,1.);
#41 = DIRECTION('',(1.,0.));
#42 = ( GEOMETRIC_REPRESENTATION_CONTEXT(2) 
PARAMETRIC_REPRESENTATION_CONTEXT() REPRESENTATION_CONTEXT('2D SPACE',''
  ) );
#43 = PCURVE('',#44,#49);
#44 = PLANE('',#45);
#45 = AXIS2_PLACEMENT_3D('',#46,#47,#48);
#46 = CARTESIAN_POINT('',(-20.,-20.,-20.));
#47 = DIRECTION('',(0.,1.,0.));
#48 = DIRECTION('',(0.,0.,1.));
#49 = DEFINITIONAL_REPRESENTATION('',(#50),#54);
#50 = LINE('',#51,#52);
#51 = CARTESIAN_POINT('',(0.,0.));
#52 = VECTOR('',#53,1.);
#53 = DIRECTION('',(1.,0.));
#54 = ( GEOMETRIC_REPRESENTATION_CONTEXT(2) 
PARAMETRIC_REPRESENTATION_CONTEXT() REPRESENTATION_CONTEXT('2D SPACE',''
  ) );
#55 = ORIENTED_EDGE('',*,*,#56,.T.);
#56 = EDGE_CURVE('',#22,#57,#59,.T.);
#57 = VERTEX_POINT('',#58);
#58 = CARTESIAN_POINT('',(-20.,20.,-18.5));
#59 = SURFACE_CURVE('',#60,(#64,#71),.PCURVE_S1.);
#60 = LINE('',#61,#62);
#61 = CARTESIAN_POINT('',(-20.,-20.,-18.5));
#62 = VECTOR('',#63,1.);
#63 = DIRECTION('',(0.,1.,0.));
#64 = PCURVE('',#32,#65);
#65 = DEFINITIONAL_REPRESENTATION('',(#66),#70);
#66 = LINE('',#67,#68);
#67 = CARTESIAN_POINT('',(1.5,0.));
#68 = VECTOR('',#69,1.);
#69 = DIRECTION('',(0.,-1.));
#70 = ( GEOMETRIC_REPRESENTATION_CONTEXT(2) 
PARAMETRIC_REPRESENTATION_CONTEXT() REPRESENTATION_CONTEXT('2D SPACE',''
  ) );
#71 = PCURVE('',#72,#77);
#72 = CYLINDRICAL_SURFACE('',#73,1.5);
#73 = AXIS2_PLACEMENT_3D('',#74,#75,#76);
#74 = CARTESIAN_POINT('',(-18.5,-20.,-18.5));
#75 = DIRECTION('',(0.,1.,0.));
#76 = DIRECTION('',(-1.,0.,0.));
#77 = DEFINITIONAL_REPRESENTATION('',(#78),#82);
#78 = LINE('',#79,#80);
#79 = CARTESIAN_POINT('',(-0.,0.));
#80 = VECTOR('',#81,1.);
#81 = DIRECTION('',(-0.,1.));
#82 = ( GEOMETRIC_REPRESENTATION_CONTEXT(2) 
PARAMETRIC_REPRESENTATION_CONTEXT() REPRESENTATION_CONTEXT('2D SPACE',''
  ) );
#83 = ORIENTED_EDGE('',*,*,#84,.T.);
#84 = EDGE_CURVE('',#57,#85,#87,.T.);
#85 = VERTEX_POINT('',#86);
#86 = CARTESIAN_POINT('',(-20.,20.,20.));
#87 = SURFACE_CURVE('',#88,(#92,#99),.PCURVE_S1.);
#88 = LINE('',#89,#90);
#89 = CARTESIAN_POINT('',(-20.,20.,-20.));
#90 = VECTOR('',#91,1.);
#91 = DIRECTION('',(0.,0.,1.));
#92 = PCURVE('',#32,#93);
#93 = DEFINITIONAL_REPRESENTATION('',(#94),#98);
#94 = LINE('',#95,#96);
#95 = CARTESIAN_POINT('',(0.,-40.));
#96 = VECTOR('',#97,1.);
#97 = DIRECTION('',(1.,0.));
#98 = ( GEOMETRIC_REPRESENTATION_CONTEXT(2) 
PARAMETRIC_REPRESENTATION_CONTEXT() REPRESENTATION_CONTEXT('2D SPACE',''
  ) );
#99 = PCURVE('',#100,#105);
#100 = PLANE('',#101);
#101 = AXIS2_PLACEMENT_3D('',#102,#103,#104);
#102 = CARTESIAN_POINT('',(-20.,20.,-20.));
#103 = DIRECTION('',(0.,1.,0.));
#104 = DIRECTION('',(0.,0.,1.));
#105 = DEFINITIONAL_REPRESENTATION('',(#106),#110);
#106 = LINE('',#107,#108);
#107 = CARTESIAN_POINT('',(0.,0.));
#108 = VECTOR('',#109,1.);
#109 = DIRECTION('',(1.,0.));
#110 = ( GEOMETRIC_REPRESENTATION_CONTEXT(2) 
PARAMETRIC_REPRESENTATION_CONTEXT() REPRESENTATION_CONTEXT('2D SPACE',''
  ) );
#111 = ORIENTED_EDGE('',*,*,#112,.F.);
#112 = EDGE_CURVE('',#24,#85,#113,.T.);
#113 = SURFACE_CURVE('',#114,(#118,#125),.PCURVE_S1.);
#114 = LINE('',#115,#116);
#115 = CARTESIAN_POINT('',(-20.,-20.,20.));
#116 = VECTOR('',#117,1.);
#117 = DIRECTION('',(0.,1.,0.));
#118 = PCURVE('',#32,#119);
#119 = DEFINITIONAL_REPRESENTATION('',(#120),#124);
#120 = LINE('',#121,#122);
#121 = CARTESIAN_POINT('',(40.,0.));
#122 = VECTOR('',#123,1.);
#123 = DIRECTION('',(0.,-1.));
#124 = ( GEOMETRIC_REPRESENTATION_CONTEXT(2) 
PARAMETRIC_REPRESENTATION_CONTEXT() REPRESENTATION_CONTEXT('2D SPACE',''
  ) );
#125 = PCURVE('',#126,#131);
#126 = PLANE('',#127);
#127 = AXIS2_PLACEMENT_3D('',#128,#129,#130);
#128 = CARTESIAN_POINT('',(-20.,-20.,20.));
#129 = DIRECTION('',(0.,0.,1.));
#130 = DIRECTION('',(1.,0.,0.));
#131 = DEFINITIONAL_REPRESENTATION('',(#132),#136);
#132 = LINE('',#133,#134);
#133 = CARTESIAN_POINT('',(0.,0.));
#134 = VECTOR('',#135,1.);
#135 = DIRECTION('',(0.,1.));
#136 = ( GEOMETRIC_REPRESENTATION_CONTEXT(2) 
PARAMETRIC_REPRESENTATION_CONTEXT() REPRESENTATION_CONTEXT('2D SPACE',''
  ) );
#137 = FACE_BOUND('',#138,.F.);
#138 = EDGE_LOOP('',(#139));
#139 = ORIENTED_EDGE('',*,*,#140,.F.);
#140 = EDGE_CURVE('',#141,#141,#143,.T.);
#141 = VERTEX_POINT('',#142);
#142 = CARTESIAN_POINT('',(-20.,15.,-3.673940397442E-15));
#143 = SURFACE_CURVE('',#144,(#149,#156),.PCURVE_S1.);
#144 = CIRCLE('',#145,15.);
#145 = AXIS2_PLACEMENT_3D('',#146,#147,#148);
#146 = CARTESIAN_POINT('',(-20.,0.,0.));
#147 = DIRECTION('',(1.,0.,0.));
#148 = DIRECTION('',(-0.,1.,0.));
#149 = PCURVE('',#32,#150);
#150 = DEFINITIONAL_REPRESENTATION('',(#151),#155);
#151 = CIRCLE('',#152,15.);
#152 = AXIS2_PLACEMENT_2D('',#153,#154);
#153 = CARTESIAN_POINT('',(20.,-20.));
#154 = DIRECTION('',(0.,-1.));
#155 = ( GEOMETRIC_REPRESENTATION_CONTEXT(2) 
PARAMETRIC_REPRESENTATION_CONTEXT() REPRESENTATION_CONTEXT('2D SPACE',''
  ) );
#156 = PCURVE('',#157,#162);
#157 = CYLINDRICAL_SURFACE('',#158,15.);
#158 = AXIS2_PLACEMENT_3D('',#159,#160,#161);
#159 = CARTESIAN_POINT('',(-35.,0.,0.));
#160 = DIRECTION('',(1.,0.,0.));
#161 = DIRECTION('',(0.,1.,0.));
#162 = DEFINITIONAL_REPRESENTATION('',(#163),#167);
#163 = LINE('',#164,#165);
#164 = CARTESIAN_POINT('',(0.,15.));
#165 = VECTOR('',#166,1.);
#166 = DIRECTION('',(1.,0.));
#167 = ( GEOMETRIC_REPRESENTATION_CONTEXT(2) 
PARAMETRIC_REPRESENTATION_CONTEXT() REPRESENTATION_CONTEXT('2D SPACE',''
  ) );
#168 = ADVANCED_FACE('',(#169),#44,.F.);
#169 = FACE_BOUND('',#170,.F.);
#170 = EDGE_LOOP('',(#171,#201,#227,#228));
#171 = ORIENTED_EDGE('',*,*,#172,.F.);
#172 = EDGE_CURVE('',#173,#175,#177,.T.);
#173 = VERTEX_POINT('',#174);
#174 = CARTESIAN_POINT('',(20.,-20.,-18.5));
#175 = VERTEX_POINT('',#176);
#176 = CARTESIAN_POINT('',(20.,-20.,20.));
#177 = SURFACE_CURVE('',#178,(#182,#189),.PCURVE_S1.);
#178 = LINE('',#179,#180);
#179 = CARTESIAN_POINT('',(20.,-20.,-20.));
#180 = VECTOR('',#181,1.);
#181 = DIRECTION('',(0.,0.,1.));
#182 = PCURVE('',#44,#183);
#183 = DEFINITIONAL_REPRESENTATION('',(#184),#188);
#184 = LINE('',#185,#186);
#185 = CARTESIAN_POINT('',(0.,40.));
#186 = VECTOR('',#187,1.);
#187 = DIRECTION('',(1.,0.));
#188 = ( GEOMETRIC_REPRESENTATION_CONTEXT(2) 
PARAMETRIC_REPRESENTATION_CONTEXT() REPRESENTATION_CONTEXT('2D SPACE',''
  ) );
#189 = PCURVE('',#190,#195);
#190 = PLANE('',#191);
#191 = AXIS2_PLACEMENT_3D('',#192,#193,#194);
#192 = CARTESIAN_POINT('',(20.,-20.,-20.));
#193 = DIRECTION('',(1.,0.,0.));
#194 = DIRECTION('',(0.,0.,1.));
#195 = DEFINITIONAL_REPRESENTATION('',(#196),#200);
#196 = LINE('',#197,#198);
#197 = CARTESIAN_POINT('',(0.,0.));
#198 = VECTOR('',#199,1.);
#199 = DIRECTION('',(1.,0.));
#200 = ( GEOMETRIC_REPRESENTATION_CONTEXT(2) 
PARAMETRIC_REPRESENTATION_CONTEXT() REPRESENTATION_CONTEXT('2D SPACE',''
  ) );
#201 = ORIENTED_EDGE('',*,*,#202,.F.);
#202 = EDGE_CURVE('',#22,#173,#203,.T.);
#203 = SURFACE_CURVE('',#204,(#208,#215),.PCURVE_S1.);
#204 = LINE('',#205,#206);
#205 = CARTESIAN_POINT('',(-20.,-20.,-18.5));
#206 = VECTOR('',#207,1.);
#207 = DIRECTION('',(1.,0.,0.));
#208 = PCURVE('',#44,#209);
#209 = DEFINITIONAL_REPRESENTATION('',(#210),#214);
#210 = LINE('',#211,#212);
#211 = CARTESIAN_POINT('',(1.5,0.));
#212 = VECTOR('',#213,1.);
#213 = DIRECTION('',(0.,1.));
#214 = ( GEOMETRIC_REPRESENTATION_CONTEXT(2) 
PARAMETRIC_REPRESENTATION_CONTEXT() REPRESENTATION_CONTEXT('2D SPACE',''
  ) );
#215 = PCURVE('',#216,#221);
#216 = CYLINDRICAL_SURFACE('',#217,1.5);
#217 = AXIS2_PLACEMENT_3D('',#218,#219,#220);
#218 = CARTESIAN_POINT('',(-20.,-18.5,-18.5));
#219 = DIRECTION('',(1.,0.,0.));
#220 = DIRECTION('',(0.,-1.,0.));
#221 = DEFINITIONAL_REPRESENTATION('',(#222),#226);
#222 = LINE('',#223,#224);
#223 = CARTESIAN_POINT('',(0.,0.));
#224 = VECTOR('',#225,1.);
#225 = DIRECTION('',(0.,1.));
#226 = ( GEOMETRIC_REPRESENTATION_CONTEXT(2) 
PARAMETRIC_REPRESENTATION_CONTEXT() REPRESENTATION_CONTEXT('2D SPACE',''
  ) );
#227 = ORIENTED_EDGE('',*,*,#21,.T.);
#228 = ORIENTED_EDGE('',*,*,#229,.T.);
#229 = EDGE_CURVE('',#24,#175,#230,.T.);
#230 = SURFACE_CURVE('',#231,(#235,#242),.PCURVE_S1.);
#231 = LINE('',#232,#233);
#232 = CARTESIAN_POINT('',(-20.,-20.,20.));
#233 = VECTOR('',#234,1.);
#234 = DIRECTION('',(1.,0.,0.));
#235 = PCURVE('',#44,#236);
#236 = DEFINITIONAL_REPRESENTATION('',(#237),#241);
#237 = LINE('',#238,#239);
#238 = CARTESIAN_POINT('',(40.,0.));
#239 = VECTOR('',#240,1.);
#240 = DIRECTION('',(0.,1.));
#241 = ( GEOMETRIC_REPRESENTATION_CONTEXT(2) 
PARAMETRIC_REPRESENTATION_CONTEXT() REPRESENTATION_CONTEXT('2D SPACE',''
  ) );
#242 = PCURVE('',#126,#243);
#243 = DEFINITIONAL_REPRESENTATION('',(#244),#248);
#244 = LINE('',#245,#246);
#245 = CARTESIAN_POINT('',(0.,0.));
#246 = VECTOR('',#247,1.);
#247 = DIRECTION('',(1.,0.));
#248 = ( GEOMETRIC_REPRESENTATION_CONTEXT(2) 
PARAMETRIC_REPRESENTATION_CONTEXT() REPRESENTATION_CONTEXT('2D SPACE',''
  ) );
#249 = ADVANCED_FACE('',(#250),#72,.T.);
#250 = FACE_BOUND('',#251,.F.);
#251 = EDGE_LOOP('',(#252,#286,#314,#351));
#252 = ORIENTED_EDGE('',*,*,#253,.T.);
#253 = EDGE_CURVE('',#22,#254,#256,.T.);
#254 = VERTEX_POINT('',#255);
#255 = CARTESIAN_POINT('',(-18.5,-18.5,-20.));
#256 = SURFACE_CURVE('',#257,(#262,#274),.PCURVE_S1.);
#257 = ELLIPSE('',#258,2.12132034356,1.5);
#258 = AXIS2_PLACEMENT_3D('',#259,#260,#261);
#259 = CARTESIAN_POINT('',(-18.5,-18.5,-18.5));
#260 = DIRECTION('',(0.707106781187,-0.707106781187,-0.));
#261 = DIRECTION('',(0.707106781187,0.707106781187,0.));
#262 = PCURVE('',#72,#263);
#263 = DEFINITIONAL_REPRESENTATION('',(#264),#273);
#264 = B_SPLINE_CURVE_WITH_KNOTS('',7,(#265,#266,#267,#268,#269,#270,
    #271,#272),.UNSPECIFIED.,.F.,.F.,(8,8),(3.14159265359,4.712388980385
    ),.PIECEWISE_BEZIER_KNOTS.);
#265 = CARTESIAN_POINT('',(0.,0.));
#266 = CARTESIAN_POINT('',(-0.224399475256,4.122151486547E-17));
#267 = CARTESIAN_POINT('',(-0.448798950513,8.812300891491E-02));
#268 = CARTESIAN_POINT('',(-0.673198425769,0.264356243062));
#269 = CARTESIAN_POINT('',(-0.897597901026,0.517879761339));
#270 = CARTESIAN_POINT('',(-1.121997376282,0.826802941022));
#271 = CARTESIAN_POINT('',(-1.346396851538,1.163400787115));
#272 = CARTESIAN_POINT('',(-1.570796326795,1.5));
#273 = ( GEOMETRIC_REPRESENTATION_CONTEXT(2) 
PARAMETRIC_REPRESENTATION_CONTEXT() REPRESENTATION_CONTEXT('2D SPACE',''
  ) );
#274 = PCURVE('',#216,#275);
#275 = DEFINITIONAL_REPRESENTATION('',(#276),#285);
#276 = B_SPLINE_CURVE_WITH_KNOTS('',7,(#277,#278,#279,#280,#281,#282,
    #283,#284),.UNSPECIFIED.,.F.,.F.,(8,8),(3.14159265359,4.712388980385
    ),.PIECEWISE_BEZIER_KNOTS.);
#277 = CARTESIAN_POINT('',(0.,0.));
#278 = CARTESIAN_POINT('',(0.224399475256,4.122151486547E-17));
#279 = CARTESIAN_POINT('',(0.448798950513,8.812300891491E-02));
#280 = CARTESIAN_POINT('',(0.673198425769,0.264356243062));
#281 = CARTESIAN_POINT('',(0.897597901026,0.517879761339));
#282 = CARTESIAN_POINT('',(1.121997376282,0.826802941022));
#283 = CARTESIAN_POINT('',(1.346396851538,1.163400787115));
#284 = CARTESIAN_POINT('',(1.570796326795,1.5));
#285 = ( GEOMETRIC_REPRESENTATION_CONTEXT(2) 
PARAMETRIC_REPRESENTATION_CONTEXT() REPRESENTATION_CONTEXT('2D SPACE',''
  ) );
#286 = ORIENTED_EDGE('',*,*,#287,.T.);
#287 = EDGE_CURVE('',#254,#288,#290,.T.);
#288 = VERTEX_POINT('',#289);
#289 = CARTESIAN_POINT('',(-18.5,18.5,-20.));
#290 = SURFACE_CURVE('',#291,(#295,#302),.PCURVE_S1.);
#291 = LINE('',#292,#293);
#292 = CARTESIAN_POINT('',(-18.5,-20.,-20.));
#293 = VECTOR('',#294,1.);
#294 = DIRECTION('',(0.,1.,0.));
#295 = PCURVE('',#72,#296);
#296 = DEFINITIONAL_REPRESENTATION('',(#297),#301);
#297 = LINE('',#298,#299);
#298 = CARTESIAN_POINT('',(-1.570796326795,0.));
#299 = VECTOR('',#300,1.);
#300 = DIRECTION('',(-0.,1.));
#301 = ( GEOMETRIC_REPRESENTATION_CONTEXT(2) 
PARAMETRIC_REPRESENTATION_CONTEXT() REPRESENTATION_CONTEXT('2D SPACE',''
  ) );
#302 = PCURVE('',#303,#308);
#303 = PLANE('',#304);
#304 = AXIS2_PLACEMENT_3D('',#305,#306,#307);
#305 = CARTESIAN_POINT('',(-20.,-20.,-20.));
#306 = DIRECTION('',(0.,0.,1.));
#307 = DIRECTION('',(1.,0.,0.));
#308 = DEFINITIONAL_REPRESENTATION('',(#309),#313);
#309 = LINE('',#310,#311);
#310 = CARTESIAN_POINT('',(1.5,0.));
#311 = VECTOR('',#312,1.);
#312 = DIRECTION('',(0.,1.));
#313 = ( GEOMETRIC_REPRESENTATION_CONTEXT(2) 
PARAMETRIC_REPRESENTATION_CONTEXT() REPRESENTATION_CONTEXT('2D SPACE',''
  ) );
#314 = ORIENTED_EDGE('',*,*,#315,.F.);
#315 = EDGE_CURVE('',#57,#288,#316,.T.);
#316 = SURFACE_CURVE('',#317,(#322,#334),.PCURVE_S1.);
#317 = ELLIPSE('',#318,2.12132034356,1.5);
#318 = AXIS2_PLACEMENT_3D('',#319,#320,#321);
#319 = CARTESIAN_POINT('',(-18.5,18.5,-18.5));
#320 = DIRECTION('',(-0.707106781187,-0.707106781187,-0.));
#321 = DIRECTION('',(-0.707106781187,0.707106781187,0.));
#322 = PCURVE('',#72,#323);
#323 = DEFINITIONAL_REPRESENTATION('',(#324),#333);
#324 = B_SPLINE_CURVE_WITH_KNOTS('',7,(#325,#326,#327,#328,#329,#330,
    #331,#332),.UNSPECIFIED.,.F.,.F.,(8,8),(0.,1.570796326795),
  .PIECEWISE_BEZIER_KNOTS.);
#325 = CARTESIAN_POINT('',(0.,40.));
#326 = CARTESIAN_POINT('',(-0.224399475256,40.));
#327 = CARTESIAN_POINT('',(-0.448798950513,39.911876991083));
#328 = CARTESIAN_POINT('',(-0.673198425769,39.735643756945));
#329 = CARTESIAN_POINT('',(-0.897597901026,39.482120238663));
#330 = CARTESIAN_POINT('',(-1.121997376282,39.173197058979));
#331 = CARTESIAN_POINT('',(-1.346396851538,38.836599212885));
#332 = CARTESIAN_POINT('',(-1.570796326795,38.5));
#333 = ( GEOMETRIC_REPRESENTATION_CONTEXT(2) 
PARAMETRIC_REPRESENTATION_CONTEXT() REPRESENTATION_CONTEXT('2D SPACE',''
  ) );
#334 = PCURVE('',#335,#340);
#335 = CYLINDRICAL_SURFACE('',#336,1.5);
#336 = AXIS2_PLACEMENT_3D('',#337,#338,#339);
#337 = CARTESIAN_POINT('',(-20.,18.5,-18.5));
#338 = DIRECTION('',(1.,0.,0.));
#339 = DIRECTION('',(0.,0.,-1.));
#340 = DEFINITIONAL_REPRESENTATION('',(#341),#350);
#341 = B_SPLINE_CURVE_WITH_KNOTS('',7,(#342,#343,#344,#345,#346,#347,
    #348,#349),.UNSPECIFIED.,.F.,.F.,(8,8),(0.,1.570796326795),
  .PIECEWISE_BEZIER_KNOTS.);
#342 = CARTESIAN_POINT('',(1.570796326795,0.));
#343 = CARTESIAN_POINT('',(1.346396851538,8.244302973093E-17));
#344 = CARTESIAN_POINT('',(1.121997376282,8.812300891502E-02));
#345 = CARTESIAN_POINT('',(0.897597901026,0.264356243062));
#346 = CARTESIAN_POINT('',(0.673198425769,0.51787976134));
#347 = CARTESIAN_POINT('',(0.448798950513,0.826802941021));
#348 = CARTESIAN_POINT('',(0.224399475256,1.163400787115));
#349 = CARTESIAN_POINT('',(0.,1.5));
#350 = ( GEOMETRIC_REPRESENTATION_CONTEXT(2) 
PARAMETRIC_REPRESENTATION_CONTEXT() REPRESENTATION_CONTEXT('2D SPACE',''
  ) );
#351 = ORIENTED_EDGE('',*,*,#56,.F.);
#352 = ADVANCED_FACE('',(#353,#401),#126,.T.);
#353 = FACE_BOUND('',#354,.T.);
#354 = EDGE_LOOP('',(#355,#356,#357,#380));
#355 = ORIENTED_EDGE('',*,*,#112,.F.);
#356 = ORIENTED_EDGE('',*,*,#229,.T.);
#357 = ORIENTED_EDGE('',*,*,#358,.T.);
#358 = EDGE_CURVE('',#175,#359,#361,.T.);
#359 = VERTEX_POINT('',#360);
#360 = CARTESIAN_POINT('',(20.,20.,20.));
#361 = SURFACE_CURVE('',#362,(#366,#373),.PCURVE_S1.);
#362 = LINE('',#363,#364);
#363 = CARTESIAN_POINT('',(20.,-20.,20.));
#364 = VECTOR('',#365,1.);
#365 = DIRECTION('',(0.,1.,0.));
#366 = PCURVE('',#126,#367);
#367 = DEFINITIONAL_REPRESENTATION('',(#368),#372);
#368 = LINE('',#369,#370);
#369 = CARTESIAN_POINT('',(40.,0.));
#370 = VECTOR('',#371,1.);
#371 = DIRECTION('',(0.,1.));
#372 = ( GEOMETRIC_REPRESENTATION_CONTEXT(2) 
PARAMETRIC_REPRESENTATION_CONTEXT() REPRESENTATION_CONTEXT('2D SPACE',''
  ) );
#373 = PCURVE('',#190,#374);
#374 = DEFINITIONAL_REPRESENTATION('',(#375),#379);
#375 = LINE('',#376,#377);
#376 = CARTESIAN_POINT('',(40.,0.));
#377 = VECTOR('',#378,1.);
#378 = DIRECTION('',(0.,-1.));
#379 = ( GEOMETRIC_REPRESENTATION_CONTEXT(2) 
PARAMETRIC_REPRESENTATION_CONTEXT() REPRESENTATION_CONTEXT('2D SPACE',''
  ) );
#380 = ORIENTED_EDGE('',*,*,#381,.F.);
#381 = EDGE_CURVE('',#85,#359,#382,.T.);
#382 = SURFACE_CURVE('',#383,(#387,#394),.PCURVE_S1.);
#383 = LINE('',#384,#385);
#384 = CARTESIAN_POINT('',(-20.,20.,20.));
#385 = VECTOR('',#386,1.);
#386 = DIRECTION('',(1.,0.,0.));
#387 = PCURVE('',#126,#388);
#388 = DEFINITIONAL_REPRESENTATION('',(#389),#393);
#389 = LINE('',#390,#391);
#390 = CARTESIAN_POINT('',(0.,40.));
#391 = VECTOR('',#392,1.);
#392 = DIRECTION('',(1.,0.));
#393 = ( GEOMETRIC_REPRESENTATION_CONTEXT(2) 
PARAMETRIC_REPRESENTATION_CONTEXT() REPRESENTATION_CONTEXT('2D SPACE',''
  ) );
#394 = PCURVE('',#100,#395);
#395 = DEFINITIONAL_REPRESENTATION('',(#396),#400);
#396 = LINE('',#397,#398);
#397 = CARTESIAN_POINT('',(40.,0.));
#398 = VECTOR('',#399,1.);
#399 = DIRECTION('',(0.,1.));
#400 = ( GEOMETRIC_REPRESENTATION_CONTEXT(2) 
PARAMETRIC_REPRESENTATION_CONTEXT() REPRESENTATION_CONTEXT('2D SPACE',''
  ) );
#401 = FACE_BOUND('',#402,.T.);
#402 = EDGE_LOOP('',(#403));
#403 = ORIENTED_EDGE('',*,*,#404,.F.);
#404 = EDGE_CURVE('',#405,#405,#407,.T.);
#405 = VERTEX_POINT('',#406);
#406 = CARTESIAN_POINT('',(12.,-2.939152317954E-15,20.));
#407 = SURFACE_CURVE('',#408,(#413,#420),.PCURVE_S1.);
#408 = CIRCLE('',#409,12.);
#409 = AXIS2_PLACEMENT_3D('',#410,#411,#412);
#410 = CARTESIAN_POINT('',(0.,0.,20.));
#411 = DIRECTION('',(0.,0.,1.));
#412 = DIRECTION('',(1.,0.,-0.));
#413 = PCURVE('',#126,#414);
#414 = DEFINITIONAL_REPRESENTATION('',(#415),#419);
#415 = CIRCLE('',#416,12.);
#416 = AXIS2_PLACEMENT_2D('',#417,#418);
#417 = CARTESIAN_POINT('',(20.,20.));
#418 = DIRECTION('',(1.,0.));
#419 = ( GEOMETRIC_REPRESENTATION_CONTEXT(2) 
PARAMETRIC_REPRESENTATION_CONTEXT() REPRESENTATION_CONTEXT('2D SPACE',''
  ) );
#420 = PCURVE('',#421,#426);
#421 = CYLINDRICAL_SURFACE('',#422,12.);
#422 = AXIS2_PLACEMENT_3D('',#423,#424,#425);
#423 = CARTESIAN_POINT('',(0.,0.,5.));
#424 = DIRECTION('',(0.,0.,1.));
#425 = DIRECTION('',(1.,0.,0.));
#426 = DEFINITIONAL_REPRESENTATION('',(#427),#431);
#427 = LINE('',#428,#429);
#428 = CARTESIAN_POINT('',(0.,15.));
#429 = VECTOR('',#430,1.);
#430 = DIRECTION('',(1.,0.));
#431 = ( GEOMETRIC_REPRESENTATION_CONTEXT(2) 
PARAMETRIC_REPRESENTATION_CONTEXT() REPRESENTATION_CONTEXT('2D SPACE',''
  ) );
#432 = ADVANCED_FACE('',(#433),#100,.T.);
#433 = FACE_BOUND('',#434,.T.);
#434 = EDGE_LOOP('',(#435,#458,#479,#480));
#435 = ORIENTED_EDGE('',*,*,#436,.F.);
#436 = EDGE_CURVE('',#437,#359,#439,.T.);
#437 = VERTEX_POINT('',#438);
#438 = CARTESIAN_POINT('',(20.,20.,-18.5));
#439 = SURFACE_CURVE('',#440,(#444,#451),.PCURVE_S1.);
#440 = LINE('',#441,#442);
#441 = CARTESIAN_POINT('',(20.,20.,-20.));
#442 = VECTOR('',#443,1.);
#443 = DIRECTION('',(0.,0.,1.));
#444 = PCURVE('',#100,#445);
#445 = DEFINITIONAL_REPRESENTATION('',(#446),#450);
#446 = LINE('',#447,#448);
#447 = CARTESIAN_POINT('',(0.,40.));
#448 = VECTOR('',#449,1.);
#449 = DIRECTION('',(1.,0.));
#450 = ( GEOMETRIC_REPRESENTATION_CONTEXT(2) 
PARAMETRIC_REPRESENTATION_CONTEXT() REPRESENTATION_CONTEXT('2D SPACE',''
  ) );
#451 = PCURVE('',#190,#452);
#452 = DEFINITIONAL_REPRESENTATION('',(#453),#457);
#453 = LINE('',#454,#455);
#454 = CARTESIAN_POINT('',(0.,-40.));
#455 = VECTOR('',#456,1.);
#456 = DIRECTION('',(1.,0.));
#457 = ( GEOMETRIC_REPRESENTATION_CONTEXT(2) 
PARAMETRIC_REPRESENTATION_CONTEXT() REPRESENTATION_CONTEXT('2D SPACE',''
  ) );
#458 = ORIENTED_EDGE('',*,*,#459,.F.);
#459 = EDGE_CURVE('',#57,#437,#460,.T.);
#460 = SURFACE_CURVE('',#461,(#465,#472),.PCURVE_S1.);
#461 = LINE('',#462,#463);
#462 = CARTESIAN_POINT('',(-20.,20.,-18.5));
#463 = VECTOR('',#464,1.);
#464 = DIRECTION('',(1.,0.,0.));
#465 = PCURVE('',#100,#466);
#466 = DEFINITIONAL_REPRESENTATION('',(#467),#471);
#467 = LINE('',#468,#469);
#468 = CARTESIAN_POINT('',(1.5,0.));
#469 = VECTOR('',#470,1.);
#470 = DIRECTION('',(0.,1.));
#471 = ( GEOMETRIC_REPRESENTATION_CONTEXT(2) 
PARAMETRIC_REPRESENTATION_CONTEXT() REPRESENTATION_CONTEXT('2D SPACE',''
  ) );
#472 = PCURVE('',#335,#473);
#473 = DEFINITIONAL_REPRESENTATION('',(#474),#478);
#474 = LINE('',#475,#476);
#475 = CARTESIAN_POINT('',(1.570796326795,0.));
#476 = VECTOR('',#477,1.);
#477 = DIRECTION('',(0.,1.));
#478 = ( GEOMETRIC_REPRESENTATION_CONTEXT(2) 
PARAMETRIC_REPRESENTATION_CONTEXT() REPRESENTATION_CONTEXT('2D SPACE',''
  ) );
#479 = ORIENTED_EDGE('',*,*,#84,.T.);
#480 = ORIENTED_EDGE('',*,*,#381,.T.);
#481 = ADVANCED_FACE('',(#482),#157,.T.);
#482 = FACE_BOUND('',#483,.T.);
#483 = EDGE_LOOP('',(#484,#507,#508,#509));
#484 = ORIENTED_EDGE('',*,*,#485,.T.);
#485 = EDGE_CURVE('',#486,#141,#488,.T.);
#486 = VERTEX_POINT('',#487);
#487 = CARTESIAN_POINT('',(-33.5,15.,0.));
#488 = SEAM_CURVE('',#489,(#493,#500),.PCURVE_S1.);
#489 = LINE('',#490,#491);
#490 = CARTESIAN_POINT('',(-35.,15.,-3.673940397442E-15));
#491 = VECTOR('',#492,1.);
#492 = DIRECTION('',(1.,0.,0.));
#493 = PCURVE('',#157,#494);
#494 = DEFINITIONAL_REPRESENTATION('',(#495),#499);
#495 = LINE('',#496,#497);
#496 = CARTESIAN_POINT('',(6.28318530718,-0.));
#497 = VECTOR('',#498,1.);
#498 = DIRECTION('',(0.,1.));
#499 = ( GEOMETRIC_REPRESENTATION_CONTEXT(2) 
PARAMETRIC_REPRESENTATION_CONTEXT() REPRESENTATION_CONTEXT('2D SPACE',''
  ) );
#500 = PCURVE('',#157,#501);
#501 = DEFINITIONAL_REPRESENTATION('',(#502),#506);
#502 = LINE('',#503,#504);
#503 = CARTESIAN_POINT('',(0.,-0.));
#504 = VECTOR('',#505,1.);
#505 = DIRECTION('',(0.,1.));
#506 = ( GEOMETRIC_REPRESENTATION_CONTEXT(2) 
PARAMETRIC_REPRESENTATION_CONTEXT() REPRESENTATION_CONTEXT('2D SPACE',''
  ) );
#507 = ORIENTED_EDGE('',*,*,#140,.F.);
#508 = ORIENTED_EDGE('',*,*,#485,.F.);
#509 = ORIENTED_EDGE('',*,*,#510,.T.);
#510 = EDGE_CURVE('',#486,#486,#511,.T.);
#511 = SURFACE_CURVE('',#512,(#517,#524),.PCURVE_S1.);
#512 = CIRCLE('',#513,15.);
#513 = AXIS2_PLACEMENT_3D('',#514,#515,#516);
#514 = CARTESIAN_POINT('',(-33.5,0.,0.));
#515 = DIRECTION('',(1.,0.,0.));
#516 = DIRECTION('',(-0.,1.,0.));
#517 = PCURVE('',#157,#518);
#518 = DEFINITIONAL_REPRESENTATION('',(#519),#523);
#519 = LINE('',#520,#521);
#520 = CARTESIAN_POINT('',(0.,1.5));
#521 = VECTOR('',#522,1.);
#522 = DIRECTION('',(1.,0.));
#523 = ( GEOMETRIC_REPRESENTATION_CONTEXT(2) 
PARAMETRIC_REPRESENTATION_CONTEXT() REPRESENTATION_CONTEXT('2D SPACE',''
  ) );
#524 = PCURVE('',#525,#530);
#525 = TOROIDAL_SURFACE('',#526,13.5,1.5);
#526 = AXIS2_PLACEMENT_3D('',#527,#528,#529);
#527 = CARTESIAN_POINT('',(-33.5,0.,0.));
#528 = DIRECTION('',(-1.,-0.,-0.));
#529 = DIRECTION('',(-0.,1.,0.));
#530 = DEFINITIONAL_REPRESENTATION('',(#531),#535);
#531 = LINE('',#532,#533);
#532 = CARTESIAN_POINT('',(-0.,0.));
#533 = VECTOR('',#534,1.);
#534 = DIRECTION('',(-1.,0.));
#535 = ( GEOMETRIC_REPRESENTATION_CONTEXT(2) 
PARAMETRIC_REPRESENTATION_CONTEXT() REPRESENTATION_CONTEXT('2D SPACE',''
  ) );
#536 = ADVANCED_FACE('',(#537,#568),#190,.T.);
#537 = FACE_BOUND('',#538,.T.);
#538 = EDGE_LOOP('',(#539,#540,#566,#567));
#539 = ORIENTED_EDGE('',*,*,#172,.F.);
#540 = ORIENTED_EDGE('',*,*,#541,.T.);
#541 = EDGE_CURVE('',#173,#437,#542,.T.);
#542 = SURFACE_CURVE('',#543,(#547,#554),.PCURVE_S1.);
#543 = LINE('',#544,#545);
#544 = CARTESIAN_POINT('',(20.,-20.,-18.5));
#545 = VECTOR('',#546,1.);
#546 = DIRECTION('',(0.,1.,0.));
#547 = PCURVE('',#190,#548);
#548 = DEFINITIONAL_REPRESENTATION('',(#549),#553);
#549 = LINE('',#550,#551);
#550 = CARTESIAN_POINT('',(1.5,0.));
#551 = VECTOR('',#552,1.);
#552 = DIRECTION('',(0.,-1.));
#553 = ( GEOMETRIC_REPRESENTATION_CONTEXT(2) 
PARAMETRIC_REPRESENTATION_CONTEXT() REPRESENTATION_CONTEXT('2D SPACE',''
  ) );
#554 = PCURVE('',#555,#560);
#555 = CYLINDRICAL_SURFACE('',#556,1.5);
#556 = AXIS2_PLACEMENT_3D('',#557,#558,#559);
#557 = CARTESIAN_POINT('',(18.5,-20.,-18.5));
#558 = DIRECTION('',(0.,1.,0.));
#559 = DIRECTION('',(0.,0.,-1.));
#560 = DEFINITIONAL_REPRESENTATION('',(#561),#565);
#561 = LINE('',#562,#563);
#562 = CARTESIAN_POINT('',(-1.570796326795,0.));
#563 = VECTOR('',#564,1.);
#564 = DIRECTION('',(-0.,1.));
#565 = ( GEOMETRIC_REPRESENTATION_CONTEXT(2) 
PARAMETRIC_REPRESENTATION_CONTEXT() REPRESENTATION_CONTEXT('2D SPACE',''
  ) );
#566 = ORIENTED_EDGE('',*,*,#436,.T.);
#567 = ORIENTED_EDGE('',*,*,#358,.F.);
#568 = FACE_BOUND('',#569,.T.);
#569 = EDGE_LOOP('',(#570));
#570 = ORIENTED_EDGE('',*,*,#571,.F.);
#571 = EDGE_CURVE('',#572,#572,#574,.T.);
#572 = VERTEX_POINT('',#573);
#573 = CARTESIAN_POINT('',(20.,15.,-3.673940397442E-15));
#574 = SURFACE_CURVE('',#575,(#580,#587),.PCURVE_S1.);
#575 = CIRCLE('',#576,15.);
#576 = AXIS2_PLACEMENT_3D('',#577,#578,#579);
#577 = CARTESIAN_POINT('',(20.,0.,0.));
#578 = DIRECTION('',(1.,0.,0.));
#579 = DIRECTION('',(-0.,1.,0.));
#580 = PCURVE('',#190,#581);
#581 = DEFINITIONAL_REPRESENTATION('',(#582),#586);
#582 = CIRCLE('',#583,15.);
#583 = AXIS2_PLACEMENT_2D('',#584,#585);
#584 = CARTESIAN_POINT('',(20.,-20.));
#585 = DIRECTION('',(0.,-1.));
#586 = ( GEOMETRIC_REPRESENTATION_CONTEXT(2) 
PARAMETRIC_REPRESENTATION_CONTEXT() REPRESENTATION_CONTEXT('2D SPACE',''
  ) );
#587 = PCURVE('',#588,#593);
#588 = CYLINDRICAL_SURFACE('',#589,15.);
#589 = AXIS2_PLACEMENT_3D('',#590,#591,#592);
#590 = CARTESIAN_POINT('',(-35.,0.,0.));
#591 = DIRECTION('',(1.,0.,0.));
#592 = DIRECTION('',(0.,1.,0.));
#593 = DEFINITIONAL_REPRESENTATION('',(#594),#598);
#594 = LINE('',#595,#596);
#595 = CARTESIAN_POINT('',(0.,55.));
#596 = VECTOR('',#597,1.);
#597 = DIRECTION('',(1.,0.));
#598 = ( GEOMETRIC_REPRESENTATION_CONTEXT(2) 
PARAMETRIC_REPRESENTATION_CONTEXT() REPRESENTATION_CONTEXT('2D SPACE',''
  ) );
#599 = ADVANCED_FACE('',(#600),#216,.T.);
#600 = FACE_BOUND('',#601,.T.);
#601 = EDGE_LOOP('',(#602,#603,#626,#658));
#602 = ORIENTED_EDGE('',*,*,#253,.T.);
#603 = ORIENTED_EDGE('',*,*,#604,.T.);
#604 = EDGE_CURVE('',#254,#605,#607,.T.);
#605 = VERTEX_POINT('',#606);
#606 = CARTESIAN_POINT('',(18.5,-18.5,-20.));
#607 = SURFACE_CURVE('',#608,(#612,#619),.PCURVE_S1.);
#608 = LINE('',#609,#610);
#609 = CARTESIAN_POINT('',(-20.,-18.5,-20.));
#610 = VECTOR('',#611,1.);
#611 = DIRECTION('',(1.,0.,0.));
#612 = PCURVE('',#216,#613);
#613 = DEFINITIONAL_REPRESENTATION('',(#614),#618);
#614 = LINE('',#615,#616);
#615 = CARTESIAN_POINT('',(1.570796326795,0.));
#616 = VECTOR('',#617,1.);
#617 = DIRECTION('',(0.,1.));
#618 = ( GEOMETRIC_REPRESENTATION_CONTEXT(2) 
PARAMETRIC_REPRESENTATION_CONTEXT() REPRESENTATION_CONTEXT('2D SPACE',''
  ) );
#619 = PCURVE('',#303,#620);
#620 = DEFINITIONAL_REPRESENTATION('',(#621),#625);
#621 = LINE('',#622,#623);
#622 = CARTESIAN_POINT('',(0.,1.5));
#623 = VECTOR('',#624,1.);
#624 = DIRECTION('',(1.,0.));
#625 = ( GEOMETRIC_REPRESENTATION_CONTEXT(2) 
PARAMETRIC_REPRESENTATION_CONTEXT() REPRESENTATION_CONTEXT('2D SPACE',''
  ) );
#626 = ORIENTED_EDGE('',*,*,#627,.F.);
#627 = EDGE_CURVE('',#173,#605,#628,.T.);
#628 = SURFACE_CURVE('',#629,(#634,#646),.PCURVE_S1.);
#629 = ELLIPSE('',#630,2.12132034356,1.5);
#630 = AXIS2_PLACEMENT_3D('',#631,#632,#633);
#631 = CARTESIAN_POINT('',(18.5,-18.5,-18.5));
#632 = DIRECTION('',(0.707106781187,0.707106781187,0.));
#633 = DIRECTION('',(0.707106781187,-0.707106781187,0.));
#634 = PCURVE('',#216,#635);
#635 = DEFINITIONAL_REPRESENTATION('',(#636),#645);
#636 = B_SPLINE_CURVE_WITH_KNOTS('',7,(#637,#638,#639,#640,#641,#642,
    #643,#644),.UNSPECIFIED.,.F.,.F.,(8,8),(0.,1.570796326795),
  .PIECEWISE_BEZIER_KNOTS.);
#637 = CARTESIAN_POINT('',(0.,40.));
#638 = CARTESIAN_POINT('',(0.224399475256,40.));
#639 = CARTESIAN_POINT('',(0.448798950513,39.91187699109));
#640 = CARTESIAN_POINT('',(0.673198425769,39.735643756927));
#641 = CARTESIAN_POINT('',(0.897597901026,39.482120238674));
#642 = CARTESIAN_POINT('',(1.121997376282,39.173197058971));
#643 = CARTESIAN_POINT('',(1.346396851538,38.836599212885));
#644 = CARTESIAN_POINT('',(1.570796326795,38.5));
#645 = ( GEOMETRIC_REPRESENTATION_CONTEXT(2) 
PARAMETRIC_REPRESENTATION_CONTEXT() REPRESENTATION_CONTEXT('2D SPACE',''
  ) );
#646 = PCURVE('',#555,#647);
#647 = DEFINITIONAL_REPRESENTATION('',(#648),#657);
#648 = B_SPLINE_CURVE_WITH_KNOTS('',7,(#649,#650,#651,#652,#653,#654,
    #655,#656),.UNSPECIFIED.,.F.,.F.,(8,8),(0.,1.570796326795),
  .PIECEWISE_BEZIER_KNOTS.);
#649 = CARTESIAN_POINT('',(-1.570796326795,0.));
#650 = CARTESIAN_POINT('',(-1.346396851538,0.));
#651 = CARTESIAN_POINT('',(-1.121997376282,8.812300891489E-02));
#652 = CARTESIAN_POINT('',(-0.897597901025,0.264356243063));
#653 = CARTESIAN_POINT('',(-0.673198425769,0.517879761339));
#654 = CARTESIAN_POINT('',(-0.448798950513,0.826802941022));
#655 = CARTESIAN_POINT('',(-0.224399475256,1.163400787115));
#656 = CARTESIAN_POINT('',(0.,1.5));
#657 = ( GEOMETRIC_REPRESENTATION_CONTEXT(2) 
PARAMETRIC_REPRESENTATION_CONTEXT() REPRESENTATION_CONTEXT('2D SPACE',''
  ) );
#658 = ORIENTED_EDGE('',*,*,#202,.F.);
#659 = ADVANCED_FACE('',(#660,#708),#303,.F.);
#660 = FACE_BOUND('',#661,.F.);
#661 = EDGE_LOOP('',(#662,#663,#664,#687));
#662 = ORIENTED_EDGE('',*,*,#287,.F.);
#663 = ORIENTED_EDGE('',*,*,#604,.T.);
#664 = ORIENTED_EDGE('',*,*,#665,.T.);
#665 = EDGE_CURVE('',#605,#666,#668,.T.);
#666 = VERTEX_POINT('',#667);
#667 = CARTESIAN_POINT('',(18.5,18.5,-20.));
#668 = SURFACE_CURVE('',#669,(#673,#680),.PCURVE_S1.);
#669 = LINE('',#670,#671);
#670 = CARTESIAN_POINT('',(18.5,-20.,-20.));
#671 = VECTOR('',#672,1.);
#672 = DIRECTION('',(0.,1.,0.));
#673 = PCURVE('',#303,#674);
#674 = DEFINITIONAL_REPRESENTATION('',(#675),#679);
#675 = LINE('',#676,#677);
#676 = CARTESIAN_POINT('',(38.5,0.));
#677 = VECTOR('',#678,1.);
#678 = DIRECTION('',(0.,1.));
#679 = ( GEOMETRIC_REPRESENTATION_CONTEXT(2) 
PARAMETRIC_REPRESENTATION_CONTEXT() REPRESENTATION_CONTEXT('2D SPACE',''
  ) );
#680 = PCURVE('',#555,#681);
#681 = DEFINITIONAL_REPRESENTATION('',(#682),#686);
#682 = LINE('',#683,#684);
#683 = CARTESIAN_POINT('',(-0.,0.));
#684 = VECTOR('',#685,1.);
#685 = DIRECTION('',(-0.,1.));
#686 = ( GEOMETRIC_REPRESENTATION_CONTEXT(2) 
PARAMETRIC_REPRESENTATION_CONTEXT() REPRESENTATION_CONTEXT('2D SPACE',''
  ) );
#687 = ORIENTED_EDGE('',*,*,#688,.F.);
#688 = EDGE_CURVE('',#288,#666,#689,.T.);
#689 = SURFACE_CURVE('',#690,(#694,#701),.PCURVE_S1.);
#690 = LINE('',#691,#692);
#691 = CARTESIAN_POINT('',(-20.,18.5,-20.));
#692 = VECTOR('',#693,1.);
#693 = DIRECTION('',(1.,0.,0.));
#694 = PCURVE('',#303,#695);
#695 = DEFINITIONAL_REPRESENTATION('',(#696),#700);
#696 = LINE('',#697,#698);
#697 = CARTESIAN_POINT('',(0.,38.5));
#698 = VECTOR('',#699,1.);
#699 = DIRECTION('',(1.,0.));
#700 = ( GEOMETRIC_REPRESENTATION_CONTEXT(2) 
PARAMETRIC_REPRESENTATION_CONTEXT() REPRESENTATION_CONTEXT('2D SPACE',''
  ) );
#701 = PCURVE('',#335,#702);
#702 = DEFINITIONAL_REPRESENTATION('',(#703),#707);
#703 = LINE('',#704,#705);
#704 = CARTESIAN_POINT('',(0.,0.));
#705 = VECTOR('',#706,1.);
#706 = DIRECTION('',(0.,1.));
#707 = ( GEOMETRIC_REPRESENTATION_CONTEXT(2) 
PARAMETRIC_REPRESENTATION_CONTEXT() REPRESENTATION_CONTEXT('2D SPACE',''
  ) );
#708 = FACE_BOUND('',#709,.F.);
#709 = EDGE_LOOP('',(#710));
#710 = ORIENTED_EDGE('',*,*,#711,.F.);
#711 = EDGE_CURVE('',#712,#712,#714,.T.);
#712 = VERTEX_POINT('',#713);
#713 = CARTESIAN_POINT('',(9.5,0.,-20.));
#714 = SURFACE_CURVE('',#715,(#720,#727),.PCURVE_S1.);
#715 = CIRCLE('',#716,9.5);
#716 = AXIS2_PLACEMENT_3D('',#717,#718,#719);
#717 = CARTESIAN_POINT('',(0.,0.,-20.));
#718 = DIRECTION('',(0.,0.,1.));
#719 = DIRECTION('',(1.,0.,-0.));
#720 = PCURVE('',#303,#721);
#721 = DEFINITIONAL_REPRESENTATION('',(#722),#726);
#722 = CIRCLE('',#723,9.5);
#723 = AXIS2_PLACEMENT_2D('',#724,#725);
#724 = CARTESIAN_POINT('',(20.,20.));
#725 = DIRECTION('',(1.,0.));
#726 = ( GEOMETRIC_REPRESENTATION_CONTEXT(2) 
PARAMETRIC_REPRESENTATION_CONTEXT() REPRESENTATION_CONTEXT('2D SPACE',''
  ) );
#727 = PCURVE('',#728,#733);
#728 = TOROIDAL_SURFACE('',#729,9.5,1.5);
#729 = AXIS2_PLACEMENT_3D('',#730,#731,#732);
#730 = CARTESIAN_POINT('',(0.,0.,-18.5));
#731 = DIRECTION('',(-0.,-0.,-1.));
#732 = DIRECTION('',(1.,0.,-0.));
#733 = DEFINITIONAL_REPRESENTATION('',(#734),#738);
#734 = LINE('',#735,#736);
#735 = CARTESIAN_POINT('',(-0.,1.570796326795));
#736 = VECTOR('',#737,1.);
#737 = DIRECTION('',(-1.,0.));
#738 = ( GEOMETRIC_REPRESENTATION_CONTEXT(2) 
PARAMETRIC_REPRESENTATION_CONTEXT() REPRESENTATION_CONTEXT('2D SPACE',''
  ) );
#739 = ADVANCED_FACE('',(#740),#335,.T.);
#740 = FACE_BOUND('',#741,.T.);
#741 = EDGE_LOOP('',(#742,#743,#744,#776));
#742 = ORIENTED_EDGE('',*,*,#315,.F.);
#743 = ORIENTED_EDGE('',*,*,#459,.T.);
#744 = ORIENTED_EDGE('',*,*,#745,.F.);
#745 = EDGE_CURVE('',#666,#437,#746,.T.);
#746 = SURFACE_CURVE('',#747,(#752,#764),.PCURVE_S1.);
#747 = ELLIPSE('',#748,2.12132034356,1.5);
#748 = AXIS2_PLACEMENT_3D('',#749,#750,#751);
#749 = CARTESIAN_POINT('',(18.5,18.5,-18.5));
#750 = DIRECTION('',(0.707106781187,-0.707106781187,-0.));
#751 = DIRECTION('',(0.707106781187,0.707106781187,0.));
#752 = PCURVE('',#335,#753);
#753 = DEFINITIONAL_REPRESENTATION('',(#754),#763);
#754 = B_SPLINE_CURVE_WITH_KNOTS('',7,(#755,#756,#757,#758,#759,#760,
    #761,#762),.UNSPECIFIED.,.F.,.F.,(8,8),(4.712388980385,6.28318530718
    ),.PIECEWISE_BEZIER_KNOTS.);
#755 = CARTESIAN_POINT('',(0.,38.5));
#756 = CARTESIAN_POINT('',(0.224399475256,38.836599212885));
#757 = CARTESIAN_POINT('',(0.448798950513,39.173197058971));
#758 = CARTESIAN_POINT('',(0.673198425769,39.482120238674));
#759 = CARTESIAN_POINT('',(0.897597901025,39.735643756927));
#760 = CARTESIAN_POINT('',(1.121997376282,39.91187699109));
#761 = CARTESIAN_POINT('',(1.346396851538,40.));
#762 = CARTESIAN_POINT('',(1.570796326795,40.));
#763 = ( GEOMETRIC_REPRESENTATION_CONTEXT(2) 
PARAMETRIC_REPRESENTATION_CONTEXT() REPRESENTATION_CONTEXT('2D SPACE',''
  ) );
#764 = PCURVE('',#555,#765);
#765 = DEFINITIONAL_REPRESENTATION('',(#766),#775);
#766 = B_SPLINE_CURVE_WITH_KNOTS('',7,(#767,#768,#769,#770,#771,#772,
    #773,#774),.UNSPECIFIED.,.F.,.F.,(8,8),(4.712388980385,6.28318530718
    ),.PIECEWISE_BEZIER_KNOTS.);
#767 = CARTESIAN_POINT('',(0.,38.5));
#768 = CARTESIAN_POINT('',(-0.224399475256,38.836599212885));
#769 = CARTESIAN_POINT('',(-0.448798950513,39.173197058971));
#770 = CARTESIAN_POINT('',(-0.673198425769,39.482120238674));
#771 = CARTESIAN_POINT('',(-0.897597901025,39.735643756927));
#772 = CARTESIAN_POINT('',(-1.121997376282,39.91187699109));
#773 = CARTESIAN_POINT('',(-1.346396851538,40.));
#774 = CARTESIAN_POINT('',(-1.570796326795,40.));
#775 = ( GEOMETRIC_REPRESENTATION_CONTEXT(2) 
PARAMETRIC_REPRESENTATION_CONTEXT() REPRESENTATION_CONTEXT('2D SPACE',''
  ) );
#776 = ORIENTED_EDGE('',*,*,#688,.F.);
#777 = ADVANCED_FACE('',(#778),#421,.T.);
#778 = FACE_BOUND('',#779,.T.);
#779 = EDGE_LOOP('',(#780,#803,#830,#831));
#780 = ORIENTED_EDGE('',*,*,#781,.T.);
#781 = EDGE_CURVE('',#405,#782,#784,.T.);
#782 = VERTEX_POINT('',#783);
#783 = CARTESIAN_POINT('',(12.,0.,33.5));
#784 = SEAM_CURVE('',#785,(#789,#796),.PCURVE_S1.);
#785 = LINE('',#786,#787);
#786 = CARTESIAN_POINT('',(12.,-2.939152317954E-15,5.));
#787 = VECTOR('',#788,1.);
#788 = DIRECTION('',(0.,0.,1.));
#789 = PCURVE('',#421,#790);
#790 = DEFINITIONAL_REPRESENTATION('',(#791),#795);
#791 = LINE('',#792,#793);
#792 = CARTESIAN_POINT('',(6.28318530718,-0.));
#793 = VECTOR('',#794,1.);
#794 = DIRECTION('',(0.,1.));
#795 = ( GEOMETRIC_REPRESENTATION_CONTEXT(2) 
PARAMETRIC_REPRESENTATION_CONTEXT() REPRESENTATION_CONTEXT('2D SPACE',''
  ) );
#796 = PCURVE('',#421,#797);
#797 = DEFINITIONAL_REPRESENTATION('',(#798),#802);
#798 = LINE('',#799,#800);
#799 = CARTESIAN_POINT('',(0.,-0.));
#800 = VECTOR('',#801,1.);
#801 = DIRECTION('',(0.,1.));
#802 = ( GEOMETRIC_REPRESENTATION_CONTEXT(2) 
PARAMETRIC_REPRESENTATION_CONTEXT() REPRESENTATION_CONTEXT('2D SPACE',''
  ) );
#803 = ORIENTED_EDGE('',*,*,#804,.F.);
#804 = EDGE_CURVE('',#782,#782,#805,.T.);
#805 = SURFACE_CURVE('',#806,(#811,#818),.PCURVE_S1.);
#806 = CIRCLE('',#807,12.);
#807 = AXIS2_PLACEMENT_3D('',#808,#809,#810);
#808 = CARTESIAN_POINT('',(0.,0.,33.5));
#809 = DIRECTION('',(0.,0.,1.));
#810 = DIRECTION('',(1.,0.,-0.));
#811 = PCURVE('',#421,#812);
#812 = DEFINITIONAL_REPRESENTATION('',(#813),#817);
#813 = LINE('',#814,#815);
#814 = CARTESIAN_POINT('',(0.,28.5));
#815 = VECTOR('',#816,1.);
#816 = DIRECTION('',(1.,0.));
#817 = ( GEOMETRIC_REPRESENTATION_CONTEXT(2) 
PARAMETRIC_REPRESENTATION_CONTEXT() REPRESENTATION_CONTEXT('2D SPACE',''
  ) );
#818 = PCURVE('',#819,#824);
#819 = TOROIDAL_SURFACE('',#820,10.5,1.5);
#820 = AXIS2_PLACEMENT_3D('',#821,#822,#823);
#821 = CARTESIAN_POINT('',(0.,0.,33.5));
#822 = DIRECTION('',(0.,0.,1.));
#823 = DIRECTION('',(1.,0.,-0.));
#824 = DEFINITIONAL_REPRESENTATION('',(#825),#829);
#825 = LINE('',#826,#827);
#826 = CARTESIAN_POINT('',(0.,0.));
#827 = VECTOR('',#828,1.);
#828 = DIRECTION('',(1.,0.));
#829 = ( GEOMETRIC_REPRESENTATION_CONTEXT(2) 
PARAMETRIC_REPRESENTATION_CONTEXT() REPRESENTATION_CONTEXT('2D SPACE',''
  ) );
#830 = ORIENTED_EDGE('',*,*,#781,.F.);
#831 = ORIENTED_EDGE('',*,*,#404,.T.);
#832 = ADVANCED_FACE('',(#833),#525,.T.);
#833 = FACE_BOUND('',#834,.F.);
#834 = EDGE_LOOP('',(#835,#857,#858,#859));
#835 = ORIENTED_EDGE('',*,*,#836,.F.);
#836 = EDGE_CURVE('',#486,#837,#839,.T.);
#837 = VERTEX_POINT('',#838);
#838 = CARTESIAN_POINT('',(-35.,13.5,0.));
#839 = SEAM_CURVE('',#840,(#845,#851),.PCURVE_S1.);
#840 = CIRCLE('',#841,1.5);
#841 = AXIS2_PLACEMENT_3D('',#842,#843,#844);
#842 = CARTESIAN_POINT('',(-33.5,13.5,0.));
#843 = DIRECTION('',(0.,0.,1.));
#844 = DIRECTION('',(-0.,1.,0.));
#845 = PCURVE('',#525,#846);
#846 = DEFINITIONAL_REPRESENTATION('',(#847),#850);
#847 = B_SPLINE_CURVE_WITH_KNOTS('',1,(#848,#849),.UNSPECIFIED.,.F.,.F.,
  (2,2),(0.,1.570796326795),.PIECEWISE_BEZIER_KNOTS.);
#848 = CARTESIAN_POINT('',(0.,0.));
#849 = CARTESIAN_POINT('',(0.,1.570796326795));
#850 = ( GEOMETRIC_REPRESENTATION_CONTEXT(2) 
PARAMETRIC_REPRESENTATION_CONTEXT() REPRESENTATION_CONTEXT('2D SPACE',''
  ) );
#851 = PCURVE('',#525,#852);
#852 = DEFINITIONAL_REPRESENTATION('',(#853),#856);
#853 = B_SPLINE_CURVE_WITH_KNOTS('',1,(#854,#855),.UNSPECIFIED.,.F.,.F.,
  (2,2),(0.,1.570796326795),.PIECEWISE_BEZIER_KNOTS.);
#854 = CARTESIAN_POINT('',(-6.28318530718,0.));
#855 = CARTESIAN_POINT('',(-6.28318530718,1.570796326795));
#856 = ( GEOMETRIC_REPRESENTATION_CONTEXT(2) 
PARAMETRIC_REPRESENTATION_CONTEXT() REPRESENTATION_CONTEXT('2D SPACE',''
  ) );
#857 = ORIENTED_EDGE('',*,*,#510,.F.);
#858 = ORIENTED_EDGE('',*,*,#836,.T.);
#859 = ORIENTED_EDGE('',*,*,#860,.T.);
#860 = EDGE_CURVE('',#837,#837,#861,.T.);
#861 = SURFACE_CURVE('',#862,(#867,#874),.PCURVE_S1.);
#862 = CIRCLE('',#863,13.5);
#863 = AXIS2_PLACEMENT_3D('',#864,#865,#866);
#864 = CARTESIAN_POINT('',(-35.,0.,0.));
#865 = DIRECTION('',(1.,0.,0.));
#866 = DIRECTION('',(-0.,1.,0.));
#867 = PCURVE('',#525,#868);
#868 = DEFINITIONAL_REPRESENTATION('',(#869),#873);
#869 = LINE('',#870,#871);
#870 = CARTESIAN_POINT('',(-0.,1.570796326795));
#871 = VECTOR('',#872,1.);
#872 = DIRECTION('',(-1.,0.));
#873 = ( GEOMETRIC_REPRESENTATION_CONTEXT(2) 
PARAMETRIC_REPRESENTATION_CONTEXT() REPRESENTATION_CONTEXT('2D SPACE',''
  ) );
#874 = PCURVE('',#875,#880);
#875 = PLANE('',#876);
#876 = AXIS2_PLACEMENT_3D('',#877,#878,#879);
#877 = CARTESIAN_POINT('',(-35.,0.,0.));
#878 = DIRECTION('',(1.,0.,0.));
#879 = DIRECTION('',(0.,1.,0.));
#880 = DEFINITIONAL_REPRESENTATION('',(#881),#885);
#881 = CIRCLE('',#882,13.5);
#882 = AXIS2_PLACEMENT_2D('',#883,#884);
#883 = CARTESIAN_POINT('',(0.,0.));
#884 = DIRECTION('',(1.,0.));
#885 = ( GEOMETRIC_REPRESENTATION_CONTEXT(2) 
PARAMETRIC_REPRESENTATION_CONTEXT() REPRESENTATION_CONTEXT('2D SPACE',''
  ) );
#886 = ADVANCED_FACE('',(#887),#555,.T.);
#887 = FACE_BOUND('',#888,.F.);
#888 = EDGE_LOOP('',(#889,#890,#891,#892));
#889 = ORIENTED_EDGE('',*,*,#627,.F.);
#890 = ORIENTED_EDGE('',*,*,#541,.T.);
#891 = ORIENTED_EDGE('',*,*,#745,.F.);
#892 = ORIENTED_EDGE('',*,*,#665,.F.);
#893 = ADVANCED_FACE('',(#894),#588,.T.);
#894 = FACE_BOUND('',#895,.T.);
#895 = EDGE_LOOP('',(#896,#919,#946,#947));
#896 = ORIENTED_EDGE('',*,*,#897,.T.);
#897 = EDGE_CURVE('',#572,#898,#900,.T.);
#898 = VERTEX_POINT('',#899);
#899 = CARTESIAN_POINT('',(33.5,15.,0.));
#900 = SEAM_CURVE('',#901,(#905,#912),.PCURVE_S1.);
#901 = LINE('',#902,#903);
#902 = CARTESIAN_POINT('',(-35.,15.,-3.673940397442E-15));
#903 = VECTOR('',#904,1.);
#904 = DIRECTION('',(1.,0.,0.));
#905 = PCURVE('',#588,#906);
#906 = DEFINITIONAL_REPRESENTATION('',(#907),#911);
#907 = LINE('',#908,#909);
#908 = CARTESIAN_POINT('',(6.28318530718,-0.));
#909 = VECTOR('',#910,1.);
#910 = DIRECTION('',(0.,1.));
#911 = ( GEOMETRIC_REPRESENTATION_CONTEXT(2) 
PARAMETRIC_REPRESENTATION_CONTEXT() REPRESENTATION_CONTEXT('2D SPACE',''
  ) );
#912 = PCURVE('',#588,#913);
#913 = DEFINITIONAL_REPRESENTATION('',(#914),#918);
#914 = LINE('',#915,#916);
#915 = CARTESIAN_POINT('',(0.,-0.));
#916 = VECTOR('',#917,1.);
#917 = DIRECTION('',(0.,1.));
#918 = ( GEOMETRIC_REPRESENTATION_CONTEXT(2) 
PARAMETRIC_REPRESENTATION_CONTEXT() REPRESENTATION_CONTEXT('2D SPACE',''
  ) );
#919 = ORIENTED_EDGE('',*,*,#920,.F.);
#920 = EDGE_CURVE('',#898,#898,#921,.T.);
#921 = SURFACE_CURVE('',#922,(#927,#934),.PCURVE_S1.);
#922 = CIRCLE('',#923,15.);
#923 = AXIS2_PLACEMENT_3D('',#924,#925,#926);
#924 = CARTESIAN_POINT('',(33.5,0.,0.));
#925 = DIRECTION('',(1.,0.,0.));
#926 = DIRECTION('',(-0.,1.,0.));
#927 = PCURVE('',#588,#928);
#928 = DEFINITIONAL_REPRESENTATION('',(#929),#933);
#929 = LINE('',#930,#931);
#930 = CARTESIAN_POINT('',(0.,68.5));
#931 = VECTOR('',#932,1.);
#932 = DIRECTION('',(1.,0.));
#933 = ( GEOMETRIC_REPRESENTATION_CONTEXT(2) 
PARAMETRIC_REPRESENTATION_CONTEXT() REPRESENTATION_CONTEXT('2D SPACE',''
  ) );
#934 = PCURVE('',#935,#940);
#935 = TOROIDAL_SURFACE('',#936,13.5,1.5);
#936 = AXIS2_PLACEMENT_3D('',#937,#938,#939);
#937 = CARTESIAN_POINT('',(33.5,0.,0.));
#938 = DIRECTION('',(1.,0.,0.));
#939 = DIRECTION('',(-0.,1.,0.));
#940 = DEFINITIONAL_REPRESENTATION('',(#941),#945);
#941 = LINE('',#942,#943);
#942 = CARTESIAN_POINT('',(0.,0.));
#943 = VECTOR('',#944,1.);
#944 = DIRECTION('',(1.,0.));
#945 = ( GEOMETRIC_REPRESENTATION_CONTEXT(2) 
PARAMETRIC_REPRESENTATION_CONTEXT() REPRESENTATION_CONTEXT('2D SPACE',''
  ) );
#946 = ORIENTED_EDGE('',*,*,#897,.F.);
#947 = ORIENTED_EDGE('',*,*,#571,.T.);
#948 = ADVANCED_FACE('',(#949),#728,.T.);
#949 = FACE_BOUND('',#950,.F.);
#950 = EDGE_LOOP('',(#951,#973,#974,#975));
#951 = ORIENTED_EDGE('',*,*,#952,.F.);
#952 = EDGE_CURVE('',#712,#953,#955,.T.);
#953 = VERTEX_POINT('',#954);
#954 = CARTESIAN_POINT('',(8.,0.,-18.5));
#955 = SEAM_CURVE('',#956,(#961,#967),.PCURVE_S1.);
#956 = CIRCLE('',#957,1.5);
#957 = AXIS2_PLACEMENT_3D('',#958,#959,#960);
#958 = CARTESIAN_POINT('',(9.5,0.,-18.5));
#959 = DIRECTION('',(0.,1.,0.));
#960 = DIRECTION('',(1.,0.,-0.));
#961 = PCURVE('',#728,#962);
#962 = DEFINITIONAL_REPRESENTATION('',(#963),#966);
#963 = B_SPLINE_CURVE_WITH_KNOTS('',1,(#964,#965),.UNSPECIFIED.,.F.,.F.,
  (2,2),(1.570796326795,3.14159265359),.PIECEWISE_BEZIER_KNOTS.);
#964 = CARTESIAN_POINT('',(0.,1.570796326795));
#965 = CARTESIAN_POINT('',(0.,3.14159265359));
#966 = ( GEOMETRIC_REPRESENTATION_CONTEXT(2) 
PARAMETRIC_REPRESENTATION_CONTEXT() REPRESENTATION_CONTEXT('2D SPACE',''
  ) );
#967 = PCURVE('',#728,#968);
#968 = DEFINITIONAL_REPRESENTATION('',(#969),#972);
#969 = B_SPLINE_CURVE_WITH_KNOTS('',1,(#970,#971),.UNSPECIFIED.,.F.,.F.,
  (2,2),(1.570796326795,3.14159265359),.PIECEWISE_BEZIER_KNOTS.);
#970 = CARTESIAN_POINT('',(-6.28318530718,1.570796326795));
#971 = CARTESIAN_POINT('',(-6.28318530718,3.14159265359));
#972 = ( GEOMETRIC_REPRESENTATION_CONTEXT(2) 
PARAMETRIC_REPRESENTATION_CONTEXT() REPRESENTATION_CONTEXT('2D SPACE',''
  ) );
#973 = ORIENTED_EDGE('',*,*,#711,.F.);
#974 = ORIENTED_EDGE('',*,*,#952,.T.);
#975 = ORIENTED_EDGE('',*,*,#976,.T.);
#976 = EDGE_CURVE('',#953,#953,#977,.T.);
#977 = SURFACE_CURVE('',#978,(#983,#990),.PCURVE_S1.);
#978 = CIRCLE('',#979,8.);
#979 = AXIS2_PLACEMENT_3D('',#980,#981,#982);
#980 = CARTESIAN_POINT('',(0.,0.,-18.5));
#981 = DIRECTION('',(0.,0.,1.));
#982 = DIRECTION('',(1.,0.,-0.));
#983 = PCURVE('',#728,#984);
#984 = DEFINITIONAL_REPRESENTATION('',(#985),#989);
#985 = LINE('',#986,#987);
#986 = CARTESIAN_POINT('',(-0.,3.14159265359));
#987 = VECTOR('',#988,1.);
#988 = DIRECTION('',(-1.,0.));
#989 = ( GEOMETRIC_REPRESENTATION_CONTEXT(2) 
PARAMETRIC_REPRESENTATION_CONTEXT() REPRESENTATION_CONTEXT('2D SPACE',''
  ) );
#990 = PCURVE('',#991,#996);
#991 = CYLINDRICAL_SURFACE('',#992,8.);
#992 = AXIS2_PLACEMENT_3D('',#993,#994,#995);
#993 = CARTESIAN_POINT('',(0.,0.,-30.));
#994 = DIRECTION('',(0.,0.,1.));
#995 = DIRECTION('',(1.,0.,0.));
#996 = DEFINITIONAL_REPRESENTATION('',(#997),#1001);
#997 = LINE('',#998,#999);
#998 = CARTESIAN_POINT('',(0.,11.5));
#999 = VECTOR('',#1000,1.);
#1000 = DIRECTION('',(1.,0.));
#1001 = ( GEOMETRIC_REPRESENTATION_CONTEXT(2) 
PARAMETRIC_REPRESENTATION_CONTEXT() REPRESENTATION_CONTEXT('2D SPACE',''
  ) );
#1002 = ADVANCED_FACE('',(#1003),#819,.T.);
#1003 = FACE_BOUND('',#1004,.T.);
#1004 = EDGE_LOOP('',(#1005,#1027,#1028,#1029));
#1005 = ORIENTED_EDGE('',*,*,#1006,.F.);
#1006 = EDGE_CURVE('',#782,#1007,#1009,.T.);
#1007 = VERTEX_POINT('',#1008);
#1008 = CARTESIAN_POINT('',(10.5,0.,35.));
#1009 = SEAM_CURVE('',#1010,(#1015,#1021),.PCURVE_S1.);
#1010 = CIRCLE('',#1011,1.5);
#1011 = AXIS2_PLACEMENT_3D('',#1012,#1013,#1014);
#1012 = CARTESIAN_POINT('',(10.5,0.,33.5));
#1013 = DIRECTION('',(0.,-1.,0.));
#1014 = DIRECTION('',(1.,0.,0.));
#1015 = PCURVE('',#819,#1016);
#1016 = DEFINITIONAL_REPRESENTATION('',(#1017),#1020);
#1017 = B_SPLINE_CURVE_WITH_KNOTS('',1,(#1018,#1019),.UNSPECIFIED.,.F.,
  .F.,(2,2),(0.,1.570796326795),.PIECEWISE_BEZIER_KNOTS.);
#1018 = CARTESIAN_POINT('',(0.,0.));
#1019 = CARTESIAN_POINT('',(0.,1.570796326795));
#1020 = ( GEOMETRIC_REPRESENTATION_CONTEXT(2) 
PARAMETRIC_REPRESENTATION_CONTEXT() REPRESENTATION_CONTEXT('2D SPACE',''
  ) );
#1021 = PCURVE('',#819,#1022);
#1022 = DEFINITIONAL_REPRESENTATION('',(#1023),#1026);
#1023 = B_SPLINE_CURVE_WITH_KNOTS('',1,(#1024,#1025),.UNSPECIFIED.,.F.,
  .F.,(2,2),(0.,1.570796326795),.PIECEWISE_BEZIER_KNOTS.);
#1024 = CARTESIAN_POINT('',(6.28318530718,0.));
#1025 = CARTESIAN_POINT('',(6.28318530718,1.570796326795));
#1026 = ( GEOMETRIC_REPRESENTATION_CONTEXT(2) 
PARAMETRIC_REPRESENTATION_CONTEXT() REPRESENTATION_CONTEXT('2D SPACE',''
  ) );
#1027 = ORIENTED_EDGE('',*,*,#804,.T.);
#1028 = ORIENTED_EDGE('',*,*,#1006,.T.);
#1029 = ORIENTED_EDGE('',*,*,#1030,.F.);
#1030 = EDGE_CURVE('',#1007,#1007,#1031,.T.);
#1031 = SURFACE_CURVE('',#1032,(#1037,#1044),.PCURVE_S1.);
#1032 = CIRCLE('',#1033,10.5);
#1033 = AXIS2_PLACEMENT_3D('',#1034,#1035,#1036);
#1034 = CARTESIAN_POINT('',(0.,0.,35.));
#1035 = DIRECTION('',(0.,0.,1.));
#1036 = DIRECTION('',(1.,0.,-0.));
#1037 = PCURVE('',#819,#1038);
#1038 = DEFINITIONAL_REPRESENTATION('',(#1039),#1043);
#1039 = LINE('',#1040,#1041);
#1040 = CARTESIAN_POINT('',(0.,1.570796326795));
#1041 = VECTOR('',#1042,1.);
#1042 = DIRECTION('',(1.,0.));
#1043 = ( GEOMETRIC_REPRESENTATION_CONTEXT(2) 
PARAMETRIC_REPRESENTATION_CONTEXT() REPRESENTATION_CONTEXT('2D SPACE',''
  ) );
#1044 = PCURVE('',#1045,#1050);
#1045 = PLANE('',#1046);
#1046 = AXIS2_PLACEMENT_3D('',#1047,#1048,#1049);
#1047 = CARTESIAN_POINT('',(0.,0.,35.));
#1048 = DIRECTION('',(0.,0.,1.));
#1049 = DIRECTION('',(1.,0.,0.));
#1050 = DEFINITIONAL_REPRESENTATION('',(#1051),#1055);
#1051 = CIRCLE('',#1052,10.5);
#1052 = AXIS2_PLACEMENT_2D('',#1053,#1054);
#1053 = CARTESIAN_POINT('',(0.,0.));
#1054 = DIRECTION('',(1.,0.));
#1055 = ( GEOMETRIC_REPRESENTATION_CONTEXT(2) 
PARAMETRIC_REPRESENTATION_CONTEXT() REPRESENTATION_CONTEXT('2D SPACE',''
  ) );
#1056 = ADVANCED_FACE('',(#1057,#1060),#875,.F.);
#1057 = FACE_BOUND('',#1058,.F.);
#1058 = EDGE_LOOP('',(#1059));
#1059 = ORIENTED_EDGE('',*,*,#860,.T.);
#1060 = FACE_BOUND('',#1061,.F.);
#1061 = EDGE_LOOP('',(#1062));
#1062 = ORIENTED_EDGE('',*,*,#1063,.F.);
#1063 = EDGE_CURVE('',#1064,#1064,#1066,.T.);
#1064 = VERTEX_POINT('',#1065);
#1065 = CARTESIAN_POINT('',(-35.,11.5,0.));
#1066 = SURFACE_CURVE('',#1067,(#1072,#1079),.PCURVE_S1.);
#1067 = CIRCLE('',#1068,11.5);
#1068 = AXIS2_PLACEMENT_3D('',#1069,#1070,#1071);
#1069 = CARTESIAN_POINT('',(-35.,0.,0.));
#1070 = DIRECTION('',(1.,0.,0.));
#1071 = DIRECTION('',(-0.,1.,0.));
#1072 = PCURVE('',#875,#1073);
#1073 = DEFINITIONAL_REPRESENTATION('',(#1074),#1078);
#1074 = CIRCLE('',#1075,11.5);
#1075 = AXIS2_PLACEMENT_2D('',#1076,#1077);
#1076 = CARTESIAN_POINT('',(0.,0.));
#1077 = DIRECTION('',(1.,0.));
#1078 = ( GEOMETRIC_REPRESENTATION_CONTEXT(2) 
PARAMETRIC_REPRESENTATION_CONTEXT() REPRESENTATION_CONTEXT('2D SPACE',''
  ) );
#1079 = PCURVE('',#1080,#1085);
#1080 = TOROIDAL_SURFACE('',#1081,11.5,1.5);
#1081 = AXIS2_PLACEMENT_3D('',#1082,#1083,#1084);
#1082 = CARTESIAN_POINT('',(-33.5,0.,0.));
#1083 = DIRECTION('',(-1.,-0.,-0.));
#1084 = DIRECTION('',(-0.,1.,0.));
#1085 = DEFINITIONAL_REPRESENTATION('',(#1086),#1090);
#1086 = LINE('',#1087,#1088);
#1087 = CARTESIAN_POINT('',(-0.,1.570796326795));
#1088 = VECTOR('',#1089,1.);
#1089 = DIRECTION('',(-1.,0.));
#1090 = ( GEOMETRIC_REPRESENTATION_CONTEXT(2) 
PARAMETRIC_REPRESENTATION_CONTEXT() REPRESENTATION_CONTEXT('2D SPACE',''
  ) );
#1091 = ADVANCED_FACE('',(#1092),#935,.T.);
#1092 = FACE_BOUND('',#1093,.T.);
#1093 = EDGE_LOOP('',(#1094,#1116,#1117,#1118));
#1094 = ORIENTED_EDGE('',*,*,#1095,.F.);
#1095 = EDGE_CURVE('',#898,#1096,#1098,.T.);
#1096 = VERTEX_POINT('',#1097);
#1097 = CARTESIAN_POINT('',(35.,13.5,0.));
#1098 = SEAM_CURVE('',#1099,(#1104,#1110),.PCURVE_S1.);
#1099 = CIRCLE('',#1100,1.5);
#1100 = AXIS2_PLACEMENT_3D('',#1101,#1102,#1103);
#1101 = CARTESIAN_POINT('',(33.5,13.5,0.));
#1102 = DIRECTION('',(0.,0.,-1.));
#1103 = DIRECTION('',(0.,1.,0.));
#1104 = PCURVE('',#935,#1105);
#1105 = DEFINITIONAL_REPRESENTATION('',(#1106),#1109);
#1106 = B_SPLINE_CURVE_WITH_KNOTS('',1,(#1107,#1108),.UNSPECIFIED.,.F.,
  .F.,(2,2),(0.,1.570796326795),.PIECEWISE_BEZIER_KNOTS.);
#1107 = CARTESIAN_POINT('',(0.,0.));
#1108 = CARTESIAN_POINT('',(0.,1.570796326795));
#1109 = ( GEOMETRIC_REPRESENTATION_CONTEXT(2) 
PARAMETRIC_REPRESENTATION_CONTEXT() REPRESENTATION_CONTEXT('2D SPACE',''
  ) );
#1110 = PCURVE('',#935,#1111);
#1111 = DEFINITIONAL_REPRESENTATION('',(#1112),#1115);
#1112 = B_SPLINE_CURVE_WITH_KNOTS('',1,(#1113,#1114),.UNSPECIFIED.,.F.,
  .F.,(2,2),(0.,1.570796326795),.PIECEWISE_BEZIER_KNOTS.);
#1113 = CARTESIAN_POINT('',(6.28318530718,0.));
#1114 = CARTESIAN_POINT('',(6.28318530718,1.570796326795));
#1115 = ( GEOMETRIC_REPRESENTATION_CONTEXT(2) 
PARAMETRIC_REPRESENTATION_CONTEXT() REPRESENTATION_CONTEXT('2D SPACE',''
  ) );
#1116 = ORIENTED_EDGE('',*,*,#920,.T.);
#1117 = ORIENTED_EDGE('',*,*,#1095,.T.);
#1118 = ORIENTED_EDGE('',*,*,#1119,.F.);
#1119 = EDGE_CURVE('',#1096,#1096,#1120,.T.);
#1120 = SURFACE_CURVE('',#1121,(#1126,#1133),.PCURVE_S1.);
#1121 = CIRCLE('',#1122,13.5);
#1122 = AXIS2_PLACEMENT_3D('',#1123,#1124,#1125);
#1123 = CARTESIAN_POINT('',(35.,0.,0.));
#1124 = DIRECTION('',(1.,0.,0.));
#1125 = DIRECTION('',(-0.,1.,0.));
#1126 = PCURVE('',#935,#1127);
#1127 = DEFINITIONAL_REPRESENTATION('',(#1128),#1132);
#1128 = LINE('',#1129,#1130);
#1129 = CARTESIAN_POINT('',(0.,1.570796326795));
#1130 = VECTOR('',#1131,1.);
#1131 = DIRECTION('',(1.,0.));
#1132 = ( GEOMETRIC_REPRESENTATION_CONTEXT(2) 
PARAMETRIC_REPRESENTATION_CONTEXT() REPRESENTATION_CONTEXT('2D SPACE',''
  ) );
#1133 = PCURVE('',#1134,#1139);
#1134 = PLANE('',#1135);
#1135 = AXIS2_PLACEMENT_3D('',#1136,#1137,#1138);
#1136 = CARTESIAN_POINT('',(35.,0.,0.));
#1137 = DIRECTION('',(1.,0.,0.));
#1138 = DIRECTION('',(0.,1.,0.));
#1139 = DEFINITIONAL_REPRESENTATION('',(#1140),#1144);
#1140 = CIRCLE('',#1141,13.5);
#1141 = AXIS2_PLACEMENT_2D('',#1142,#1143);
#1142 = CARTESIAN_POINT('',(0.,0.));
#1143 = DIRECTION('',(1.,0.));
#1144 = ( GEOMETRIC_REPRESENTATION_CONTEXT(2) 
PARAMETRIC_REPRESENTATION_CONTEXT() REPRESENTATION_CONTEXT('2D SPACE',''
  ) );
#1145 = ADVANCED_FACE('',(#1146),#991,.F.);
#1146 = FACE_BOUND('',#1147,.F.);
#1147 = EDGE_LOOP('',(#1148,#1171,#1572,#1573));
#1148 = ORIENTED_EDGE('',*,*,#1149,.T.);
#1149 = EDGE_CURVE('',#953,#1150,#1152,.T.);
#1150 = VERTEX_POINT('',#1151);
#1151 = CARTESIAN_POINT('',(8.,-1.959434878636E-15,-10.));
#1152 = SEAM_CURVE('',#1153,(#1157,#1164),.PCURVE_S1.);
#1153 = LINE('',#1154,#1155);
#1154 = CARTESIAN_POINT('',(8.,-1.959434878636E-15,-30.));
#1155 = VECTOR('',#1156,1.);
#1156 = DIRECTION('',(0.,0.,1.));
#1157 = PCURVE('',#991,#1158);
#1158 = DEFINITIONAL_REPRESENTATION('',(#1159),#1163);
#1159 = LINE('',#1160,#1161);
#1160 = CARTESIAN_POINT('',(6.28318530718,-0.));
#1161 = VECTOR('',#1162,1.);
#1162 = DIRECTION('',(0.,1.));
#1163 = ( GEOMETRIC_REPRESENTATION_CONTEXT(2) 
PARAMETRIC_REPRESENTATION_CONTEXT() REPRESENTATION_CONTEXT('2D SPACE',''
  ) );
#1164 = PCURVE('',#991,#1165);
#1165 = DEFINITIONAL_REPRESENTATION('',(#1166),#1170);
#1166 = LINE('',#1167,#1168);
#1167 = CARTESIAN_POINT('',(0.,-0.));
#1168 = VECTOR('',#1169,1.);
#1169 = DIRECTION('',(0.,1.));
#1170 = ( GEOMETRIC_REPRESENTATION_CONTEXT(2) 
PARAMETRIC_REPRESENTATION_CONTEXT() REPRESENTATION_CONTEXT('2D SPACE',''
  ) );
#1171 = ORIENTED_EDGE('',*,*,#1172,.F.);
#1172 = EDGE_CURVE('',#1150,#1150,#1173,.T.);
#1173 = SURFACE_CURVE('',#1174,(#1303,#1435),.PCURVE_S1.);
#1174 = B_SPLINE_CURVE_WITH_KNOTS('',7,(#1175,#1176,#1177,#1178,#1179,
    #1180,#1181,#1182,#1183,#1184,#1185,#1186,#1187,#1188,#1189,#1190,
    #1191,#1192,#1193,#1194,#1195,#1196,#1197,#1198,#1199,#1200,#1201,
    #1202,#1203,#1204,#1205,#1206,#1207,#1208,#1209,#1210,#1211,#1212,
    #1213,#1214,#1215,#1216,#1217,#1218,#1219,#1220,#1221,#1222,#1223,
    #1224,#1225,#1226,#1227,#1228,#1229,#1230,#1231,#1232,#1233,#1234,
    #1235,#1236,#1237,#1238,#1239,#1240,#1241,#1242,#1243,#1244,#1245,
    #1246,#1247,#1248,#1249,#1250,#1251,#1252,#1253,#1254,#1255,#1256,
    #1257,#1258,#1259,#1260,#1261,#1262,#1263,#1264,#1265,#1266,#1267,
    #1268,#1269,#1270,#1271,#1272,#1273,#1274,#1275,#1276,#1277,#1278,
    #1279,#1280,#1281,#1282,#1283,#1284,#1285,#1286,#1287,#1288,#1289,
    #1290,#1291,#1292,#1293,#1294,#1295,#1296,#1297,#1298,#1299,#1300,
    #1301,#1302),.UNSPECIFIED.,.T.,.F.,(8,6,6,6,6,6,6,6,6,6,6,6,6,6,6,6,
    6,6,6,6,6,8),(0.,4.95922350417E-02,7.432118415392E-02,0.142250848077
    ,0.203971688442,0.220120329642,0.249513433873,0.294988569263,
    0.356544514914,0.424729064331,0.469863456129,0.520395125273,
    0.573942419802,0.642295706167,0.704321804699,0.750265098706,
    0.779579065048,0.795693472332,0.857062774906,0.925034881375,
    0.970033857933,1.),.UNSPECIFIED.);
#1175 = CARTESIAN_POINT('',(8.,-1.7763568394E-15,-10.));
#1176 = CARTESIAN_POINT('',(8.,0.469513643148,-10.));
#1177 = CARTESIAN_POINT('',(7.967852380597,0.934454260682,-9.97428150066
    ));
#1178 = CARTESIAN_POINT('',(7.904682324651,1.390132143408,
    -9.923746861113));
#1179 = CARTESIAN_POINT('',(7.812719335565,1.83193663155,-9.850408981658
    ));
#1180 = CARTESIAN_POINT('',(7.69528229937,2.255515217282,-9.757351951507
    ));
#1181 = CARTESIAN_POINT('',(7.556831283951,2.656847378747,
    -9.648643837829));
#1182 = CARTESIAN_POINT('',(7.326421705768,3.219387628391,
    -9.469642279398));
#1183 = CARTESIAN_POINT('',(7.2455157072,3.401177226428,-9.407072915581)
  );
#1184 = CARTESIAN_POINT('',(7.160722968059,3.577659784357,
    -9.341833731587));
#1185 = CARTESIAN_POINT('',(7.072367070128,3.748924258189,
    -9.274240985587));
#1186 = CARTESIAN_POINT('',(6.980740270656,3.915070576771,
    -9.204587088839));
#1187 = CARTESIAN_POINT('',(6.886103484387,4.076209503303,
    -9.133140707569));
#1188 = CARTESIAN_POINT('',(6.521084156724,4.661684672481,-8.85963502015
    ));
#1189 = CARTESIAN_POINT('',(6.232029578605,5.054793862764,
    -8.647093017377));
#1190 = CARTESIAN_POINT('',(5.926011972954,5.414270460055,
    -8.427428684143));
#1191 = CARTESIAN_POINT('',(5.60592599336,5.742770233995,-8.204401950089
    ));
#1192 = CARTESIAN_POINT('',(5.27330568281,6.042831903584,-7.980927213974
    ));
#1193 = CARTESIAN_POINT('',(4.928540804814,6.316587283571,-7.7594864723)
  );
#1194 = CARTESIAN_POINT('',(4.246156658498,6.791673927446,
    -7.345956183543));
#1195 = CARTESIAN_POINT('',(3.911170392136,6.997055109593,
    -7.153279904769));
#1196 = CARTESIAN_POINT('',(3.566174527687,7.182464360772,
    -6.967157928022));
#1197 = CARTESIAN_POINT('',(3.211135849306,7.348162437786,
    -6.790328152741));
#1198 = CARTESIAN_POINT('',(2.845984563573,7.493988378573,
    -6.626112127879));
#1199 = CARTESIAN_POINT('',(2.470558845099,7.61946921305,-6.478472575573
    ));
#1200 = CARTESIAN_POINT('',(1.983376113725,7.750946404172,
    -6.318597354216));
#1201 = CARTESIAN_POINT('',(1.881647448885,7.776746013833,
    -6.286886771366));
#1202 = CARTESIAN_POINT('',(1.779255246701,7.801054036861,
    -6.256709603871));
#1203 = CARTESIAN_POINT('',(1.67622848733,7.823847600666,-6.228151556602
    ));
#1204 = CARTESIAN_POINT('',(1.572592393492,7.84510559693,-6.201294783198
    ));
#1205 = CARTESIAN_POINT('',(1.468368439383,7.864807977063,
    -6.176217564908));
#1206 = CARTESIAN_POINT('',(1.172832409739,7.915929209183,
    -6.110723375729));
#1207 = CARTESIAN_POINT('',(0.980041104395,7.943732170181,
    -6.074558302254));
#1208 = CARTESIAN_POINT('',(0.785675200359,7.966144834159,
    -6.045046819409));
#1209 = CARTESIAN_POINT('',(0.590141949394,7.983041007284,
    -6.022612020797));
#1210 = CARTESIAN_POINT('',(0.393800185552,7.994341534122,
    -6.007544607393));
#1211 = CARTESIAN_POINT('',(0.196979570951,8.,-6.));
#1212 = CARTESIAN_POINT('',(-0.304754223557,8.,-6.));
#1213 = CARTESIAN_POINT('',(-0.608364048827,7.986455902399,
    -6.018058498602));
#1214 = CARTESIAN_POINT('',(-0.91011726884,7.959549751837,
    -6.053934345088));
#1215 = CARTESIAN_POINT('',(-1.209204156637,7.919511474871,
    -6.106782594016));
#1216 = CARTESIAN_POINT('',(-1.5046070378,7.866660951974,-6.175149332093
    ));
#1217 = CARTESIAN_POINT('',(-1.794994616316,7.801555118457,
    -6.257010619884));
#1218 = CARTESIAN_POINT('',(-2.462542803909,7.621938731111,
    -6.475532081758));
#1219 = CARTESIAN_POINT('',(-2.835873394455,7.497615907169,
    -6.621920805201));
#1220 = CARTESIAN_POINT('',(-3.199054190267,7.353182172222,
    -6.784755561162));
#1221 = CARTESIAN_POINT('',(-3.552243717869,7.189107687664,
    -6.960137876209));
#1222 = CARTESIAN_POINT('',(-3.895508572731,7.005558955992,
    -7.144791607556));
#1223 = CARTESIAN_POINT('',(-4.228879231095,6.802294366921,
    -7.33601109271));
#1224 = CARTESIAN_POINT('',(-4.910415811042,6.330682416143,
    -7.747952058752));
#1225 = CARTESIAN_POINT('',(-5.255794242113,6.058040220594,
    -7.969321732609));
#1226 = CARTESIAN_POINT('',(-5.589022956381,5.759161792392,
    -8.192815820337));
#1227 = CARTESIAN_POINT('',(-5.909750659129,5.431927178495,
    -8.415961290554));
#1228 = CARTESIAN_POINT('',(-6.216487151431,5.073797440977,
    -8.635866976108));
#1229 = CARTESIAN_POINT('',(-6.506383616882,4.68210449067,
    -8.848802907541));
#1230 = CARTESIAN_POINT('',(-6.952800063438,3.97119148944,
    -9.183002351999));
#1231 = CARTESIAN_POINT('',(-7.121865045211,3.671300914812,
    -9.31136054766));
#1232 = CARTESIAN_POINT('',(-7.280453462725,3.354294715546,
    -9.433239025565));
#1233 = CARTESIAN_POINT('',(-7.426636848773,3.019899807973,
    -9.546744162862));
#1234 = CARTESIAN_POINT('',(-7.558274445854,2.667990152508,
    -9.649808968912));
#1235 = CARTESIAN_POINT('',(-7.672987180397,2.298631108991,
    -9.740192510836));
#1236 = CARTESIAN_POINT('',(-7.874640572098,1.479402362713,
    -9.899784076878));
#1237 = CARTESIAN_POINT('',(-7.957018134401,1.023569487165,
    -9.965482958394));
#1238 = CARTESIAN_POINT('',(-8.009372621369,0.55220481669,
    -10.00749512262));
#1239 = CARTESIAN_POINT('',(-8.028384718968,7.315561136266E-02,
    -10.02277692661));
#1240 = CARTESIAN_POINT('',(-8.013164723141,-0.405563636081,
    -10.01050412081));
#1241 = CARTESIAN_POINT('',(-7.965234785664,-0.875945006081,
    -9.972101812001));
#1242 = CARTESIAN_POINT('',(-7.807453587331,-1.81162962338,
    -9.846517989897));
#1243 = CARTESIAN_POINT('',(-7.694694907152,-2.271294321416,
    -9.757052931665));
#1244 = CARTESIAN_POINT('',(-7.554796295319,-2.70779935667,
    -9.646679120783));
#1245 = CARTESIAN_POINT('',(-7.391884281321,-3.120215991871,
    -9.519245313086));
#1246 = CARTESIAN_POINT('',(-7.209839658452,-3.508029170958,
    -9.378466569674));
#1247 = CARTESIAN_POINT('',(-7.012359860493,-3.871060001009,
    -9.227893362412));
#1248 = CARTESIAN_POINT('',(-6.535782542794,-4.641280441051,
    -8.870468347491));
#1249 = CARTESIAN_POINT('',(-6.246856428266,-5.036739417063,
    -8.657797070752));
#1250 = CARTESIAN_POINT('',(-5.940810912592,-5.398285830388,
    -8.437853306473));
#1251 = CARTESIAN_POINT('',(-5.620592583393,-5.728620979614,
    -8.214440062245));
#1252 = CARTESIAN_POINT('',(-5.287758890647,-6.030331784682,
    -7.990490404292));
#1253 = CARTESIAN_POINT('',(-4.942698336627,-6.305593502056,
    -7.768486251441));
#1254 = CARTESIAN_POINT('',(-4.259959399013,-6.783055215783,
    -7.353954567161));
#1255 = CARTESIAN_POINT('',(-3.925009466459,-6.989341220318,
    -7.160877172044));
#1256 = CARTESIAN_POINT('',(-3.580037582704,-7.175603757033,
    -6.97429182086));
#1257 = CARTESIAN_POINT('',(-3.225006915549,-7.342118837879,
    -6.796928029319));
#1258 = CARTESIAN_POINT('',(-2.859843918947,-7.488735032869,
    -6.632100197606));
#1259 = CARTESIAN_POINT('',(-2.484384959018,-7.614985435625,
    -6.483769490319));
#1260 = CARTESIAN_POINT('',(-1.812114887968,-7.797699525192,
    -6.2618562577));
#1261 = CARTESIAN_POINT('',(-1.51910128939,-7.86405603071,-6.17851799912
    ));
#1262 = CARTESIAN_POINT('',(-1.220941767355,-7.917932157364,
    -6.108866893083));
#1263 = CARTESIAN_POINT('',(-0.919006579731,-7.958752167824,
    -6.054997826593));
#1264 = CARTESIAN_POINT('',(-0.614338558823,-7.9861871949,
    -6.018416759612));
#1265 = CARTESIAN_POINT('',(-0.307762601102,-8.,-6.));
#1266 = CARTESIAN_POINT('',(0.196366906747,-8.,-6.));
#1267 = CARTESIAN_POINT('',(0.392577155398,-7.994376678244,
    -6.007497748876));
#1268 = CARTESIAN_POINT('',(0.588313159859,-7.983146152412,
    -6.022471826594));
#1269 = CARTESIAN_POINT('',(0.783247724304,-7.966354291971,
    -6.044768699118));
#1270 = CARTESIAN_POINT('',(0.977024901069,-7.944079396841,
    -6.074101080918));
#1271 = CARTESIAN_POINT('',(1.16924100309,-7.91644624915,-6.110050768433
    ));
#1272 = CARTESIAN_POINT('',(1.463973711348,-7.865623703633,
    -6.175177929207));
#1273 = CARTESIAN_POINT('',(1.567955535288,-7.846027867792,
    -6.200126400313));
#1274 = CARTESIAN_POINT('',(1.671353480818,-7.824883572847,
    -6.226847913962));
#1275 = CARTESIAN_POINT('',(1.774146071679,-7.802210726597,
    -6.255264836573));
#1276 = CARTESIAN_POINT('',(1.876308108465,-7.778030300137,
    -6.285295662541));
#1277 = CARTESIAN_POINT('',(1.97781065984,-7.752365025671,
    -6.316855331962));
#1278 = CARTESIAN_POINT('',(2.462542314842,-7.621938862703,
    -6.475531921663));
#1279 = CARTESIAN_POINT('',(2.835872679828,-7.497616160329,
    -6.62192050961));
#1280 = CARTESIAN_POINT('',(3.199053475243,-7.353182489929,
    -6.784755213035));
#1281 = CARTESIAN_POINT('',(3.552243157349,-7.189107989775,
    -6.960137572551));
#1282 = CARTESIAN_POINT('',(3.895508241953,-7.005559164441,
    -7.144791415266));
#1283 = CARTESIAN_POINT('',(4.228879110121,-6.802294450633,
    -7.33601101959));
#1284 = CARTESIAN_POINT('',(4.910385904285,-6.330703111121,
    -7.74793398222));
#1285 = CARTESIAN_POINT('',(5.255774477571,-6.058059492234,
    -7.969307690755));
#1286 = CARTESIAN_POINT('',(5.589030530646,-5.759160902693,
    -8.192819638279));
#1287 = CARTESIAN_POINT('',(5.909783915379,-5.431897076141,
    -8.415984130517));
#1288 = CARTESIAN_POINT('',(6.216530506549,-5.073744646478,
    -8.635898475797));
#1289 = CARTESIAN_POINT('',(6.506414718262,-4.682054962084,
    -8.848826190876));
#1290 = CARTESIAN_POINT('',(6.952800063293,-3.971191489672,
    -9.18300235189));
#1291 = CARTESIAN_POINT('',(7.121865045247,-3.671300914804,
    -9.311360547684));
#1292 = CARTESIAN_POINT('',(7.28045346284,-3.354294715325,
    -9.433239025654));
#1293 = CARTESIAN_POINT('',(7.42663684882,-3.019899807794,
    -9.546744162901));
#1294 = CARTESIAN_POINT('',(7.558274445803,-2.667990152583,
    -9.649808968871));
#1295 = CARTESIAN_POINT('',(7.67298718033,-2.29863110926,-9.740192510784
    ));
#1296 = CARTESIAN_POINT('',(7.831480816734,-1.654741403519,
    -9.865626789017));
#1297 = CARTESIAN_POINT('',(7.886149397959,-1.389778265739,
    -9.909070615619));
#1298 = CARTESIAN_POINT('',(7.931039178913,-1.118596434779,
    -9.944861767918));
#1299 = CARTESIAN_POINT('',(7.965319872635,-0.842593411376,
    -9.972255915215));
#1300 = CARTESIAN_POINT('',(7.988415303193,-0.563195327702,
    -9.990732235447));
#1301 = CARTESIAN_POINT('',(8.,-0.281846804324,-10.));
#1302 = CARTESIAN_POINT('',(8.,-1.7763568394E-15,-10.));
#1303 = PCURVE('',#991,#1304);
#1304 = DEFINITIONAL_REPRESENTATION('',(#1305),#1434);
#1305 = B_SPLINE_CURVE_WITH_KNOTS('',7,(#1306,#1307,#1308,#1309,#1310,
    #1311,#1312,#1313,#1314,#1315,#1316,#1317,#1318,#1319,#1320,#1321,
    #1322,#1323,#1324,#1325,#1326,#1327,#1328,#1329,#1330,#1331,#1332,
    #1333,#1334,#1335,#1336,#1337,#1338,#1339,#1340,#1341,#1342,#1343,
    #1344,#1345,#1346,#1347,#1348,#1349,#1350,#1351,#1352,#1353,#1354,
    #1355,#1356,#1357,#1358,#1359,#1360,#1361,#1362,#1363,#1364,#1365,
    #1366,#1367,#1368,#1369,#1370,#1371,#1372,#1373,#1374,#1375,#1376,
    #1377,#1378,#1379,#1380,#1381,#1382,#1383,#1384,#1385,#1386,#1387,
    #1388,#1389,#1390,#1391,#1392,#1393,#1394,#1395,#1396,#1397,#1398,
    #1399,#1400,#1401,#1402,#1403,#1404,#1405,#1406,#1407,#1408,#1409,
    #1410,#1411,#1412,#1413,#1414,#1415,#1416,#1417,#1418,#1419,#1420,
    #1421,#1422,#1423,#1424,#1425,#1426,#1427,#1428,#1429,#1430,#1431,
    #1432,#1433),.UNSPECIFIED.,.F.,.F.,(8,6,6,6,6,6,6,6,6,6,6,6,6,6,6,6,
    6,6,6,6,6,8),(0.,4.95922350417E-02,7.432118415392E-02,0.142250848077
    ,0.203971688442,0.220120329642,0.249513433873,0.294988569263,
    0.356544514914,0.424729064331,0.469863456129,0.520395125273,
    0.573942419802,0.642295706167,0.704321804699,0.750265098706,
    0.779579065048,0.795693472332,0.857062774906,0.925034881375,
    0.970033857933,1.),.UNSPECIFIED.);
#1306 = CARTESIAN_POINT('',(0.,20.));
#1307 = CARTESIAN_POINT('',(5.86892053935E-02,20.));
#1308 = CARTESIAN_POINT('',(0.116806777462,20.02571849934));
#1309 = CARTESIAN_POINT('',(0.174096722389,20.076253138887));
#1310 = CARTESIAN_POINT('',(0.230283795476,20.149591018342));
#1311 = CARTESIAN_POINT('',(0.285057291595,20.242648048493));
#1312 = CARTESIAN_POINT('',(0.338040272449,20.351356162171));
#1313 = CARTESIAN_POINT('',(0.414027535587,20.530357720602));
#1314 = CARTESIAN_POINT('',(0.438888922576,20.592927084419));
#1315 = CARTESIAN_POINT('',(0.463346949516,20.658166268413));
#1316 = CARTESIAN_POINT('',(0.487419052522,20.725759014413));
#1317 = CARTESIAN_POINT('',(0.511122142329,20.795412911161));
#1318 = CARTESIAN_POINT('',(0.534473200713,20.866859292431));
#1319 = CARTESIAN_POINT('',(0.620715979694,21.14036497985));
#1320 = CARTESIAN_POINT('',(0.681530166113,21.352906982623));
#1321 = CARTESIAN_POINT('',(0.740311421428,21.572571315857));
#1322 = CARTESIAN_POINT('',(0.797421334497,21.795598049911));
#1323 = CARTESIAN_POINT('',(0.853238348191,22.019072786026));
#1324 = CARTESIAN_POINT('',(0.908158564292,22.2405135277));
#1325 = CARTESIAN_POINT('',(1.012093297593,22.654043816457));
#1326 = CARTESIAN_POINT('',(1.061126942114,22.846720095231));
#1327 = CARTESIAN_POINT('',(1.109958890655,23.032842071978));
#1328 = CARTESIAN_POINT('',(1.158792822816,23.209671847259));
#1329 = CARTESIAN_POINT('',(1.207813656788,23.373887872121));
#1330 = CARTESIAN_POINT('',(1.257207751629,23.521527424427));
#1331 = CARTESIAN_POINT('',(1.320284251008,23.681402645784));
#1332 = CARTESIAN_POINT('',(1.33340138502,23.713113228634));
#1333 = CARTESIAN_POINT('',(1.346553675489,23.743290396129));
#1334 = CARTESIAN_POINT('',(1.359740622831,23.771848443398));
#1335 = CARTESIAN_POINT('',(1.372962324857,23.798705216802));
#1336 = CARTESIAN_POINT('',(1.386219455807,23.823782435092));
#1337 = CARTESIAN_POINT('',(1.423710064046,23.889276624271));
#1338 = CARTESIAN_POINT('',(1.448048696852,23.925441697746));
#1339 = CARTESIAN_POINT('',(1.472489585864,23.954953180591));
#1340 = CARTESIAN_POINT('',(1.49700419131,23.977387979203));
#1341 = CARTESIAN_POINT('',(1.521571307512,23.992455392607));
#1342 = CARTESIAN_POINT('',(1.546173880426,24.));
#1343 = CARTESIAN_POINT('',(1.60889060474,24.));
#1344 = CARTESIAN_POINT('',(1.646841778635,23.981941501398));
#1345 = CARTESIAN_POINT('',(1.684651413879,23.946065654912));
#1346 = CARTESIAN_POINT('',(1.722304837423,23.893217405984));
#1347 = CARTESIAN_POINT('',(1.759759506721,23.824850667907));
#1348 = CARTESIAN_POINT('',(1.796925771248,23.742989380116));
#1349 = CARTESIAN_POINT('',(1.883337090436,23.524467918242));
#1350 = CARTESIAN_POINT('',(1.932438479562,23.378079194799));
#1351 = CARTESIAN_POINT('',(1.98116832258,23.215244438838));
#1352 = CARTESIAN_POINT('',(2.029709551312,23.039862123791));
#1353 = CARTESIAN_POINT('',(2.0782432108,22.855208392444));
#1354 = CARTESIAN_POINT('',(2.126968195543,22.66398890729));
#1355 = CARTESIAN_POINT('',(2.230568233393,22.252047941248));
#1356 = CARTESIAN_POINT('',(2.285462229991,22.030678267391));
#1357 = CARTESIAN_POINT('',(2.341237189448,21.807184179663));
#1358 = CARTESIAN_POINT('',(2.398290734717,21.584038709445));
#1359 = CARTESIAN_POINT('',(2.457003205208,21.364133023892));
#1360 = CARTESIAN_POINT('',(2.517738164279,21.151197092459));
#1361 = CARTESIAN_POINT('',(2.6226700573,20.816997648001));
#1362 = CARTESIAN_POINT('',(2.665654732072,20.68863945234));
#1363 = CARTESIAN_POINT('',(2.709873971249,20.566760974435));
#1364 = CARTESIAN_POINT('',(2.755378575008,20.453255837138));
#1365 = CARTESIAN_POINT('',(2.802226326455,20.350191031088));
#1366 = CARTESIAN_POINT('',(2.850485297568,20.259807489164));
#1367 = CARTESIAN_POINT('',(2.955945585496,20.100215923122));
#1368 = CARTESIAN_POINT('',(3.013734430586,20.034517041606));
#1369 = CARTESIAN_POINT('',(3.072793587713,19.992504877378));
#1370 = CARTESIAN_POINT('',(3.1324495968,19.977223073387));
#1371 = CARTESIAN_POINT('',(3.192084634352,19.989495879185));
#1372 = CARTESIAN_POINT('',(3.25106001493,20.027898187999));
#1373 = CARTESIAN_POINT('',(3.369671816725,20.153482010103));
#1374 = CARTESIAN_POINT('',(3.428673754155,20.242947068335));
#1375 = CARTESIAN_POINT('',(3.485756006971,20.353320879217));
#1376 = CARTESIAN_POINT('',(3.540979780384,20.480754686914));
#1377 = CARTESIAN_POINT('',(3.59437729162,20.621533430326));
#1378 = CARTESIAN_POINT('',(3.645955077132,20.772106637588));
#1379 = CARTESIAN_POINT('',(3.759172612904,21.129531652509));
#1380 = CARTESIAN_POINT('',(3.820211944248,21.342202929248));
#1381 = CARTESIAN_POINT('',(3.879190309139,21.562146693527));
#1382 = CARTESIAN_POINT('',(3.936474307687,21.785559937755));
#1383 = CARTESIAN_POINT('',(3.992447989504,22.009509595708));
#1384 = CARTESIAN_POINT('',(4.047513533212,22.231513748559));
#1385 = CARTESIAN_POINT('',(4.151654524256,22.646045432839));
#1386 = CARTESIAN_POINT('',(4.200743170579,22.839122827956));
#1387 = CARTESIAN_POINT('',(4.249622680324,23.02570817914));
#1388 = CARTESIAN_POINT('',(4.298498630578,23.203071970681));
#1389 = CARTESIAN_POINT('',(4.347557266539,23.367899802394));
#1390 = CARTESIAN_POINT('',(4.396985722977,23.516230509681));
#1391 = CARTESIAN_POINT('',(4.484067893848,23.7381437423));
#1392 = CARTESIAN_POINT('',(4.521587817016,23.82148200088));
#1393 = CARTESIAN_POINT('',(4.559402649394,23.891133106917));
#1394 = CARTESIAN_POINT('',(4.59742002105,23.945002173407));
#1395 = CARTESIAN_POINT('',(4.63559671789,23.981583240388));
#1396 = CARTESIAN_POINT('',(4.673918655247,24.));
#1397 = CARTESIAN_POINT('',(4.736934843728,24.));
#1398 = CARTESIAN_POINT('',(4.761461120975,23.992502251124));
#1399 = CARTESIAN_POINT('',(4.785952290186,23.977528173406));
#1400 = CARTESIAN_POINT('',(4.810391383454,23.955231300882));
#1401 = CARTESIAN_POINT('',(4.834757339908,23.925898919082));
#1402 = CARTESIAN_POINT('',(4.859021867148,23.889949231567));
#1403 = CARTESIAN_POINT('',(4.896407171005,23.824822070793));
#1404 = CARTESIAN_POINT('',(4.909632102404,23.799873599687));
#1405 = CARTESIAN_POINT('',(4.922821807949,23.773152086038));
#1406 = CARTESIAN_POINT('',(4.935976938669,23.744735163427));
#1407 = CARTESIAN_POINT('',(4.949097573125,23.714704337459));
#1408 = CARTESIAN_POINT('',(4.962183196585,23.683144668038));
#1409 = CARTESIAN_POINT('',(5.024929680718,23.524468078337));
#1410 = CARTESIAN_POINT('',(5.074031038668,23.37807949039));
#1411 = CARTESIAN_POINT('',(5.122760878782,23.215244786965));
#1412 = CARTESIAN_POINT('',(5.17130212558,23.039862427449));
#1413 = CARTESIAN_POINT('',(5.219835815563,22.855208584734));
#1414 = CARTESIAN_POINT('',(5.268560830744,22.66398898041));
#1415 = CARTESIAN_POINT('',(5.372156340872,22.25206601778));
#1416 = CARTESIAN_POINT('',(5.427051482151,22.030692309245));
#1417 = CARTESIAN_POINT('',(5.482830616482,21.807180361721));
#1418 = CARTESIAN_POINT('',(5.539888929762,21.584015869483));
#1419 = CARTESIAN_POINT('',(5.598604329188,21.364101524203));
#1420 = CARTESIAN_POINT('',(5.659338128367,21.151173809124));
#1421 = CARTESIAN_POINT('',(5.764262710856,20.81699764811));
#1422 = CARTESIAN_POINT('',(5.807247385665,20.688639452316));
#1423 = CARTESIAN_POINT('',(5.85146662487,20.566760974346));
#1424 = CARTESIAN_POINT('',(5.896971228621,20.453255837099));
#1425 = CARTESIAN_POINT('',(5.943818980034,20.350191031129));
#1426 = CARTESIAN_POINT('',(5.992077951123,20.259807489216));
#1427 = CARTESIAN_POINT('',(6.07496663645,20.134373210982));
#1428 = CARTESIAN_POINT('',(6.108760388824,20.090929384381));
#1429 = CARTESIAN_POINT('',(6.14307619549,20.055138232082));
#1430 = CARTESIAN_POINT('',(6.177789707722,20.027744084785));
#1431 = CARTESIAN_POINT('',(6.212785890438,20.009267764553));
#1432 = CARTESIAN_POINT('',(6.247954456639,20.));
#1433 = CARTESIAN_POINT('',(6.28318530718,20.));
#1434 = ( GEOMETRIC_REPRESENTATION_CONTEXT(2) 
PARAMETRIC_REPRESENTATION_CONTEXT() REPRESENTATION_CONTEXT('2D SPACE',''
  ) );
#1435 = PCURVE('',#1436,#1441);
#1436 = CYLINDRICAL_SURFACE('',#1437,10.);
#1437 = AXIS2_PLACEMENT_3D('',#1438,#1439,#1440);
#1438 = CARTESIAN_POINT('',(-40.,0.,0.));
#1439 = DIRECTION('',(1.,0.,0.));
#1440 = DIRECTION('',(0.,1.,0.));
#1441 = DEFINITIONAL_REPRESENTATION('',(#1442),#1571);
#1442 = B_SPLINE_CURVE_WITH_KNOTS('',7,(#1443,#1444,#1445,#1446,#1447,
    #1448,#1449,#1450,#1451,#1452,#1453,#1454,#1455,#1456,#1457,#1458,
    #1459,#1460,#1461,#1462,#1463,#1464,#1465,#1466,#1467,#1468,#1469,
    #1470,#1471,#1472,#1473,#1474,#1475,#1476,#1477,#1478,#1479,#1480,
    #1481,#1482,#1483,#1484,#1485,#1486,#1487,#1488,#1489,#1490,#1491,
    #1492,#1493,#1494,#1495,#1496,#1497,#1498,#1499,#1500,#1501,#1502,
    #1503,#1504,#1505,#1506,#1507,#1508,#1509,#1510,#1511,#1512,#1513,
    #1514,#1515,#1516,#1517,#1518,#1519,#1520,#1521,#1522,#1523,#1524,
    #1525,#1526,#1527,#1528,#1529,#1530,#1531,#1532,#1533,#1534,#1535,
    #1536,#1537,#1538,#1539,#1540,#1541,#1542,#1543,#1544,#1545,#1546,
    #1547,#1548,#1549,#1550,#1551,#1552,#1553,#1554,#1555,#1556,#1557,
    #1558,#1559,#1560,#1561,#1562,#1563,#1564,#1565,#1566,#1567,#1568,
    #1569,#1570),.UNSPECIFIED.,.T.,.F.,(8,6,6,6,6,6,6,6,6,6,6,6,6,6,6,6,
    6,6,6,6,6,8),(0.,4.95922350417E-02,7.432118415392E-02,0.142250848077
    ,0.203971688442,0.220120329642,0.249513433873,0.294988569263,
    0.356544514914,0.424729064331,0.469863456129,0.520395125273,
    0.573942419802,0.642295706167,0.704321804699,0.750265098706,
    0.779579065048,0.795693472332,0.857062774906,0.925034881375,
    0.970033857933,1.),.UNSPECIFIED.);
#1443 = CARTESIAN_POINT('',(4.712388980385,48.));
#1444 = CARTESIAN_POINT('',(4.759340344699,48.));
#1445 = CARTESIAN_POINT('',(4.80583446668,47.967852380597));
#1446 = CARTESIAN_POINT('',(4.851571100708,47.904682324651));
#1447 = CARTESIAN_POINT('',(4.89624415785,47.812719335565));
#1448 = CARTESIAN_POINT('',(4.939529113785,47.69528229937));
#1449 = CARTESIAN_POINT('',(4.981069187539,47.556831283951));
#1450 = CARTESIAN_POINT('',(5.040102490885,47.326421705768));
#1451 = CARTESIAN_POINT('',(5.059322828645,47.2455157072));
#1452 = CARTESIAN_POINT('',(5.078130768697,47.160722968059));
#1453 = CARTESIAN_POINT('',(5.096535204205,47.072367070128));
#1454 = CARTESIAN_POINT('',(5.114544765039,46.980740270656));
#1455 = CARTESIAN_POINT('',(5.132168125734,46.886103484387));
#1456 = CARTESIAN_POINT('',(5.196789061566,46.521084156724));
#1457 = CARTESIAN_POINT('',(5.241401096973,46.232029578605));
#1458 = CARTESIAN_POINT('',(5.28344105273,45.926011972955));
#1459 = CARTESIAN_POINT('',(5.32307308477,45.605925993359));
#1460 = CARTESIAN_POINT('',(5.360437169132,45.27330568281));
#1461 = CARTESIAN_POINT('',(5.395624744418,44.928540804814));
#1462 = CARTESIAN_POINT('',(5.458610029914,44.246156658498));
#1463 = CARTESIAN_POINT('',(5.486751735988,43.911170392135));
#1464 = CARTESIAN_POINT('',(5.513000699221,43.566174527687));
#1465 = CARTESIAN_POINT('',(5.537216523594,43.211135849305));
#1466 = CARTESIAN_POINT('',(5.559169776368,42.845984563573));
#1467 = CARTESIAN_POINT('',(5.578543213124,42.470558845099));
#1468 = CARTESIAN_POINT('',(5.599242570164,41.983376113725));
#1469 = CARTESIAN_POINT('',(5.603330521399,41.881647448885));
#1470 = CARTESIAN_POINT('',(5.607205424474,41.779255246701));
#1471 = CARTESIAN_POINT('',(5.610859279619,41.67622848733));
#1472 = CARTESIAN_POINT('',(5.614284426299,41.572592393492));
#1473 = CARTESIAN_POINT('',(5.617473533582,41.468368439383));
#1474 = CARTESIAN_POINT('',(5.625781884315,41.172832409739));
#1475 = CARTESIAN_POINT('',(5.630343466413,40.980041104395));
#1476 = CARTESIAN_POINT('',(5.63404914524,40.785675200359));
#1477 = CARTESIAN_POINT('',(5.636857693889,40.590141949394));
#1478 = CARTESIAN_POINT('',(5.638741123239,40.393800185552));
#1479 = CARTESIAN_POINT('',(5.639684198386,40.196979570951));
#1480 = CARTESIAN_POINT('',(5.639684198386,39.695245776443));
#1481 = CARTESIAN_POINT('',(5.637426905102,39.391635951173));
#1482 = CARTESIAN_POINT('',(5.632942358328,39.08988273116));
#1483 = CARTESIAN_POINT('',(5.626312340031,38.790795843363));
#1484 = CARTESIAN_POINT('',(5.617671943055,38.4953929622));
#1485 = CARTESIAN_POINT('',(5.607213873383,38.205005383684));
#1486 = CARTESIAN_POINT('',(5.578927184658,37.537457196091));
#1487 = CARTESIAN_POINT('',(5.559723987093,37.164126605545));
#1488 = CARTESIAN_POINT('',(5.53796623011,36.800945809733));
#1489 = CARTESIAN_POINT('',(5.513966569643,36.447756282131));
#1490 = CARTESIAN_POINT('',(5.487952332662,36.104491427269));
#1491 = CARTESIAN_POINT('',(5.460064101322,35.771120768905));
#1492 = CARTESIAN_POINT('',(5.39744515917,35.089584188958));
#1493 = CARTESIAN_POINT('',(5.362348347532,34.744205757887));
#1494 = CARTESIAN_POINT('',(5.325077564803,34.410977043619));
#1495 = CARTESIAN_POINT('',(5.28554291297,34.090249340872));
#1496 = CARTESIAN_POINT('',(5.243604555622,33.783512848569));
#1497 = CARTESIAN_POINT('',(5.199097732556,33.493616383118));
#1498 = CARTESIAN_POINT('',(5.120542875036,33.047199936562));
#1499 = CARTESIAN_POINT('',(5.087942298468,32.878134954789));
#1500 = CARTESIAN_POINT('',(5.054018428411,32.719546537275));
#1501 = CARTESIAN_POINT('',(5.018758170203,32.573363151227));
#1502 = CARTESIAN_POINT('',(4.982146081535,32.441725554146));
#1503 = CARTESIAN_POINT('',(4.944163444799,32.327012819603));
#1504 = CARTESIAN_POINT('',(4.860700566423,32.125359427902));
#1505 = CARTESIAN_POINT('',(4.814701896156,32.042981865599));
#1506 = CARTESIAN_POINT('',(4.767492631216,31.990627378631));
#1507 = CARTESIAN_POINT('',(4.719703811536,31.971615281032));
#1508 = CARTESIAN_POINT('',(4.671937512484,31.986835276859));
#1509 = CARTESIAN_POINT('',(4.624806359522,32.034765214336));
#1510 = CARTESIAN_POINT('',(4.530398891628,32.192546412669));
#1511 = CARTESIAN_POINT('',(4.483650825882,32.305305092848));
#1512 = CARTESIAN_POINT('',(4.438732895228,32.445203704681));
#1513 = CARTESIAN_POINT('',(4.395664279827,32.608115718679));
#1514 = CARTESIAN_POINT('',(4.354475520326,32.790160341548));
#1515 = CARTESIAN_POINT('',(4.315207175312,32.987640139507));
#1516 = CARTESIAN_POINT('',(4.230295917663,33.464217457206));
#1517 = CARTESIAN_POINT('',(4.185472101584,33.753143571734));
#1518 = CARTESIAN_POINT('',(4.143242069114,34.059189087407));
#1519 = CARTESIAN_POINT('',(4.10343734505,34.379407416607));
#1520 = CARTESIAN_POINT('',(4.065913209984,34.712241109353));
#1521 = CARTESIAN_POINT('',(4.030573365664,35.057301663373));
#1522 = CARTESIAN_POINT('',(3.967343135129,35.740040600987));
#1523 = CARTESIAN_POINT('',(3.939108164242,36.07499053354));
#1524 = CARTESIAN_POINT('',(3.91276635688,36.419962417296));
#1525 = CARTESIAN_POINT('',(3.888455897521,36.774993084451));
#1526 = CARTESIAN_POINT('',(3.866404556358,37.140156081053));
#1527 = CARTESIAN_POINT('',(3.846928665739,37.515615040982));
#1528 = CARTESIAN_POINT('',(3.818183245002,38.187885112032));
#1529 = CARTESIAN_POINT('',(3.807531804283,38.48089871061));
#1530 = CARTESIAN_POINT('',(3.79872711914,38.779058232646));
#1531 = CARTESIAN_POINT('',(3.791968541548,39.080993420269));
#1532 = CARTESIAN_POINT('',(3.787395836764,39.385661441177));
#1533 = CARTESIAN_POINT('',(3.785093762383,39.692237398898));
#1534 = CARTESIAN_POINT('',(3.785093762383,40.196366906747));
#1535 = CARTESIAN_POINT('',(3.786030980234,40.392577155398));
#1536 = CARTESIAN_POINT('',(3.787902742561,40.588313159859));
#1537 = CARTESIAN_POINT('',(3.790693998493,40.783247724304));
#1538 = CARTESIAN_POINT('',(3.794377083094,40.977024901069));
#1539 = CARTESIAN_POINT('',(3.798911241784,41.16924100309));
#1540 = CARTESIAN_POINT('',(3.807172281793,41.463973711348));
#1541 = CARTESIAN_POINT('',(3.810344683207,41.567955535289));
#1542 = CARTESIAN_POINT('',(3.813752168098,41.671353480818));
#1543 = CARTESIAN_POINT('',(3.817387463744,41.774146071679));
#1544 = CARTESIAN_POINT('',(3.821242967035,41.876308108465));
#1545 = CARTESIAN_POINT('',(3.825310734915,41.97781065984));
#1546 = CARTESIAN_POINT('',(3.845850755388,42.462542314842));
#1547 = CARTESIAN_POINT('',(3.865053934765,42.835872679828));
#1548 = CARTESIAN_POINT('',(3.886811683568,43.199053475244));
#1549 = CARTESIAN_POINT('',(3.910811348351,43.552243157348));
#1550 = CARTESIAN_POINT('',(3.936825599758,43.895508241953));
#1551 = CARTESIAN_POINT('',(3.964713848333,44.228879110121));
#1552 = CARTESIAN_POINT('',(4.027330053795,44.910385904285));
#1553 = CARTESIAN_POINT('',(4.062427238544,45.255774477571));
#1554 = CARTESIAN_POINT('',(4.09970069815,45.589030530647));
#1555 = CARTESIAN_POINT('',(4.139238804586,45.909783915379));
#1556 = CARTESIAN_POINT('',(4.181179522687,46.216530506549));
#1557 = CARTESIAN_POINT('',(4.225685701051,46.506414718262));
#1558 = CARTESIAN_POINT('',(4.304235085708,46.952800063293));
#1559 = CARTESIAN_POINT('',(4.336835662303,47.121865045247));
#1560 = CARTESIAN_POINT('',(4.370759532382,47.28045346284));
#1561 = CARTESIAN_POINT('',(4.406019790584,47.42663684882));
#1562 = CARTESIAN_POINT('',(4.442631879226,47.558274445803));
#1563 = CARTESIAN_POINT('',(4.480614515943,47.67298718033));
#1564 = CARTESIAN_POINT('',(4.546213884181,47.831480816734));
#1565 = CARTESIAN_POINT('',(4.573052009527,47.886149397959));
#1566 = CARTESIAN_POINT('',(4.600383633727,47.931039178913));
#1567 = CARTESIAN_POINT('',(4.628093080224,47.965319872635));
#1568 = CARTESIAN_POINT('',(4.65606944347,47.988415303193));
#1569 = CARTESIAN_POINT('',(4.684204299952,48.));
#1570 = CARTESIAN_POINT('',(4.712388980385,48.));
#1571 = ( GEOMETRIC_REPRESENTATION_CONTEXT(2) 
PARAMETRIC_REPRESENTATION_CONTEXT() REPRESENTATION_CONTEXT('2D SPACE',''
  ) );
#1572 = ORIENTED_EDGE('',*,*,#1149,.F.);
#1573 = ORIENTED_EDGE('',*,*,#976,.T.);
#1574 = ADVANCED_FACE('',(#1575),#1045,.T.);
#1575 = FACE_BOUND('',#1576,.T.);
#1576 = EDGE_LOOP('',(#1577));
#1577 = ORIENTED_EDGE('',*,*,#1030,.T.);
#1578 = ADVANCED_FACE('',(#1579),#1080,.T.);
#1579 = FACE_BOUND('',#1580,.F.);
#1580 = EDGE_LOOP('',(#1581,#1603,#1604,#1605));
#1581 = ORIENTED_EDGE('',*,*,#1582,.F.);
#1582 = EDGE_CURVE('',#1064,#1583,#1585,.T.);
#1583 = VERTEX_POINT('',#1584);
#1584 = CARTESIAN_POINT('',(-33.5,10.,0.));
#1585 = SEAM_CURVE('',#1586,(#1591,#1597),.PCURVE_S1.);
#1586 = CIRCLE('',#1587,1.5);
#1587 = AXIS2_PLACEMENT_3D('',#1588,#1589,#1590);
#1588 = CARTESIAN_POINT('',(-33.5,11.5,0.));
#1589 = DIRECTION('',(0.,0.,1.));
#1590 = DIRECTION('',(-0.,1.,0.));
#1591 = PCURVE('',#1080,#1592);
#1592 = DEFINITIONAL_REPRESENTATION('',(#1593),#1596);
#1593 = B_SPLINE_CURVE_WITH_KNOTS('',1,(#1594,#1595),.UNSPECIFIED.,.F.,
  .F.,(2,2),(1.570796326795,3.14159265359),.PIECEWISE_BEZIER_KNOTS.);
#1594 = CARTESIAN_POINT('',(0.,1.570796326795));
#1595 = CARTESIAN_POINT('',(0.,3.14159265359));
#1596 = ( GEOMETRIC_REPRESENTATION_CONTEXT(2) 
PARAMETRIC_REPRESENTATION_CONTEXT() REPRESENTATION_CONTEXT('2D SPACE',''
  ) );
#1597 = PCURVE('',#1080,#1598);
#1598 = DEFINITIONAL_REPRESENTATION('',(#1599),#1602);
#1599 = B_SPLINE_CURVE_WITH_KNOTS('',1,(#1600,#1601),.UNSPECIFIED.,.F.,
  .F.,(2,2),(1.570796326795,3.14159265359),.PIECEWISE_BEZIER_KNOTS.);
#1600 = CARTESIAN_POINT('',(-6.28318530718,1.570796326795));
#1601 = CARTESIAN_POINT('',(-6.28318530718,3.14159265359));
#1602 = ( GEOMETRIC_REPRESENTATION_CONTEXT(2) 
PARAMETRIC_REPRESENTATION_CONTEXT() REPRESENTATION_CONTEXT('2D SPACE',''
  ) );
#1603 = ORIENTED_EDGE('',*,*,#1063,.F.);
#1604 = ORIENTED_EDGE('',*,*,#1582,.T.);
#1605 = ORIENTED_EDGE('',*,*,#1606,.T.);
#1606 = EDGE_CURVE('',#1583,#1583,#1607,.T.);
#1607 = SURFACE_CURVE('',#1608,(#1613,#1620),.PCURVE_S1.);
#1608 = CIRCLE('',#1609,10.);
#1609 = AXIS2_PLACEMENT_3D('',#1610,#1611,#1612);
#1610 = CARTESIAN_POINT('',(-33.5,0.,0.));
#1611 = DIRECTION('',(1.,0.,0.));
#1612 = DIRECTION('',(-0.,1.,0.));
#1613 = PCURVE('',#1080,#1614);
#1614 = DEFINITIONAL_REPRESENTATION('',(#1615),#1619);
#1615 = LINE('',#1616,#1617);
#1616 = CARTESIAN_POINT('',(-0.,3.14159265359));
#1617 = VECTOR('',#1618,1.);
#1618 = DIRECTION('',(-1.,0.));
#1619 = ( GEOMETRIC_REPRESENTATION_CONTEXT(2) 
PARAMETRIC_REPRESENTATION_CONTEXT() REPRESENTATION_CONTEXT('2D SPACE',''
  ) );
#1620 = PCURVE('',#1436,#1621);
#1621 = DEFINITIONAL_REPRESENTATION('',(#1622),#1626);
#1622 = LINE('',#1623,#1624);
#1623 = CARTESIAN_POINT('',(0.,6.5));
#1624 = VECTOR('',#1625,1.);
#1625 = DIRECTION('',(1.,0.));
#1626 = ( GEOMETRIC_REPRESENTATION_CONTEXT(2) 
PARAMETRIC_REPRESENTATION_CONTEXT() REPRESENTATION_CONTEXT('2D SPACE',''
  ) );
#1627 = ADVANCED_FACE('',(#1628,#1631),#1134,.T.);
#1628 = FACE_BOUND('',#1629,.T.);
#1629 = EDGE_LOOP('',(#1630));
#1630 = ORIENTED_EDGE('',*,*,#1119,.T.);
#1631 = FACE_BOUND('',#1632,.T.);
#1632 = EDGE_LOOP('',(#1633));
#1633 = ORIENTED_EDGE('',*,*,#1634,.F.);
#1634 = EDGE_CURVE('',#1635,#1635,#1637,.T.);
#1635 = VERTEX_POINT('',#1636);
#1636 = CARTESIAN_POINT('',(35.,11.5,0.));
#1637 = SURFACE_CURVE('',#1638,(#1643,#1650),.PCURVE_S1.);
#1638 = CIRCLE('',#1639,11.5);
#1639 = AXIS2_PLACEMENT_3D('',#1640,#1641,#1642);
#1640 = CARTESIAN_POINT('',(35.,0.,0.));
#1641 = DIRECTION('',(1.,0.,0.));
#1642 = DIRECTION('',(-0.,1.,0.));
#1643 = PCURVE('',#1134,#1644);
#1644 = DEFINITIONAL_REPRESENTATION('',(#1645),#1649);
#1645 = CIRCLE('',#1646,11.5);
#1646 = AXIS2_PLACEMENT_2D('',#1647,#1648);
#1647 = CARTESIAN_POINT('',(0.,0.));
#1648 = DIRECTION('',(1.,0.));
#1649 = ( GEOMETRIC_REPRESENTATION_CONTEXT(2) 
PARAMETRIC_REPRESENTATION_CONTEXT() REPRESENTATION_CONTEXT('2D SPACE',''
  ) );
#1650 = PCURVE('',#1651,#1656);
#1651 = TOROIDAL_SURFACE('',#1652,11.5,1.5);
#1652 = AXIS2_PLACEMENT_3D('',#1653,#1654,#1655);
#1653 = CARTESIAN_POINT('',(33.5,0.,0.));
#1654 = DIRECTION('',(-1.,-0.,-0.));
#1655 = DIRECTION('',(0.,1.,0.));
#1656 = DEFINITIONAL_REPRESENTATION('',(#1657),#1661);
#1657 = LINE('',#1658,#1659);
#1658 = CARTESIAN_POINT('',(-0.,4.712388980385));
#1659 = VECTOR('',#1660,1.);
#1660 = DIRECTION('',(-1.,0.));
#1661 = ( GEOMETRIC_REPRESENTATION_CONTEXT(2) 
PARAMETRIC_REPRESENTATION_CONTEXT() REPRESENTATION_CONTEXT('2D SPACE',''
  ) );
#1662 = ADVANCED_FACE('',(#1663,#1712,#1715),#1436,.F.);
#1663 = FACE_BOUND('',#1664,.F.);
#1664 = EDGE_LOOP('',(#1665,#1688,#1689,#1690));
#1665 = ORIENTED_EDGE('',*,*,#1666,.F.);
#1666 = EDGE_CURVE('',#1583,#1667,#1669,.T.);
#1667 = VERTEX_POINT('',#1668);
#1668 = CARTESIAN_POINT('',(33.5,10.,0.));
#1669 = SEAM_CURVE('',#1670,(#1674,#1681),.PCURVE_S1.);
#1670 = LINE('',#1671,#1672);
#1671 = CARTESIAN_POINT('',(-40.,10.,-2.449293598295E-15));
#1672 = VECTOR('',#1673,1.);
#1673 = DIRECTION('',(1.,0.,0.));
#1674 = PCURVE('',#1436,#1675);
#1675 = DEFINITIONAL_REPRESENTATION('',(#1676),#1680);
#1676 = LINE('',#1677,#1678);
#1677 = CARTESIAN_POINT('',(0.,-0.));
#1678 = VECTOR('',#1679,1.);
#1679 = DIRECTION('',(0.,1.));
#1680 = ( GEOMETRIC_REPRESENTATION_CONTEXT(2) 
PARAMETRIC_REPRESENTATION_CONTEXT() REPRESENTATION_CONTEXT('2D SPACE',''
  ) );
#1681 = PCURVE('',#1436,#1682);
#1682 = DEFINITIONAL_REPRESENTATION('',(#1683),#1687);
#1683 = LINE('',#1684,#1685);
#1684 = CARTESIAN_POINT('',(6.28318530718,-0.));
#1685 = VECTOR('',#1686,1.);
#1686 = DIRECTION('',(0.,1.));
#1687 = ( GEOMETRIC_REPRESENTATION_CONTEXT(2) 
PARAMETRIC_REPRESENTATION_CONTEXT() REPRESENTATION_CONTEXT('2D SPACE',''
  ) );
#1688 = ORIENTED_EDGE('',*,*,#1606,.T.);
#1689 = ORIENTED_EDGE('',*,*,#1666,.T.);
#1690 = ORIENTED_EDGE('',*,*,#1691,.F.);
#1691 = EDGE_CURVE('',#1667,#1667,#1692,.T.);
#1692 = SURFACE_CURVE('',#1693,(#1698,#1705),.PCURVE_S1.);
#1693 = CIRCLE('',#1694,10.);
#1694 = AXIS2_PLACEMENT_3D('',#1695,#1696,#1697);
#1695 = CARTESIAN_POINT('',(33.5,0.,0.));
#1696 = DIRECTION('',(1.,0.,0.));
#1697 = DIRECTION('',(-0.,1.,0.));
#1698 = PCURVE('',#1436,#1699);
#1699 = DEFINITIONAL_REPRESENTATION('',(#1700),#1704);
#1700 = LINE('',#1701,#1702);
#1701 = CARTESIAN_POINT('',(0.,73.5));
#1702 = VECTOR('',#1703,1.);
#1703 = DIRECTION('',(1.,0.));
#1704 = ( GEOMETRIC_REPRESENTATION_CONTEXT(2) 
PARAMETRIC_REPRESENTATION_CONTEXT() REPRESENTATION_CONTEXT('2D SPACE',''
  ) );
#1705 = PCURVE('',#1651,#1706);
#1706 = DEFINITIONAL_REPRESENTATION('',(#1707),#1711);
#1707 = LINE('',#1708,#1709);
#1708 = CARTESIAN_POINT('',(-0.,3.14159265359));
#1709 = VECTOR('',#1710,1.);
#1710 = DIRECTION('',(-1.,0.));
#1711 = ( GEOMETRIC_REPRESENTATION_CONTEXT(2) 
PARAMETRIC_REPRESENTATION_CONTEXT() REPRESENTATION_CONTEXT('2D SPACE',''
  ) );
#1712 = FACE_BOUND('',#1713,.F.);
#1713 = EDGE_LOOP('',(#1714));
#1714 = ORIENTED_EDGE('',*,*,#1172,.T.);
#1715 = FACE_BOUND('',#1716,.F.);
#1716 = EDGE_LOOP('',(#1717));
#1717 = ORIENTED_EDGE('',*,*,#1718,.F.);
#1718 = EDGE_CURVE('',#1719,#1719,#1721,.T.);
#1719 = VERTEX_POINT('',#1720);
#1720 = CARTESIAN_POINT('',(8.,-1.959434878636E-15,10.));
#1721 = SURFACE_CURVE('',#1722,(#1851,#1983),.PCURVE_S1.);
#1722 = B_SPLINE_CURVE_WITH_KNOTS('',7,(#1723,#1724,#1725,#1726,#1727,
    #1728,#1729,#1730,#1731,#1732,#1733,#1734,#1735,#1736,#1737,#1738,
    #1739,#1740,#1741,#1742,#1743,#1744,#1745,#1746,#1747,#1748,#1749,
    #1750,#1751,#1752,#1753,#1754,#1755,#1756,#1757,#1758,#1759,#1760,
    #1761,#1762,#1763,#1764,#1765,#1766,#1767,#1768,#1769,#1770,#1771,
    #1772,#1773,#1774,#1775,#1776,#1777,#1778,#1779,#1780,#1781,#1782,
    #1783,#1784,#1785,#1786,#1787,#1788,#1789,#1790,#1791,#1792,#1793,
    #1794,#1795,#1796,#1797,#1798,#1799,#1800,#1801,#1802,#1803,#1804,
    #1805,#1806,#1807,#1808,#1809,#1810,#1811,#1812,#1813,#1814,#1815,
    #1816,#1817,#1818,#1819,#1820,#1821,#1822,#1823,#1824,#1825,#1826,
    #1827,#1828,#1829,#1830,#1831,#1832,#1833,#1834,#1835,#1836,#1837,
    #1838,#1839,#1840,#1841,#1842,#1843,#1844,#1845,#1846,#1847,#1848,
    #1849,#1850),.UNSPECIFIED.,.T.,.F.,(8,6,6,6,6,6,6,6,6,6,6,6,6,6,6,6,
    6,6,6,6,6,8),(0.,4.959223635637E-02,7.432118592819E-02,
    0.142250851114,0.203971692625,0.220120334125,0.249513438901,
    0.294988575132,0.356544521923,0.424729072091,0.469863464109,
    0.520395133152,0.573942427204,0.642295712551,0.704321809697,
    0.750265102678,0.779579068366,0.79569347529,0.857062776496,
    0.925034881915,0.970033858136,1.),.UNSPECIFIED.);
#1723 = CARTESIAN_POINT('',(8.,-8.881784197001E-16,10.));
#1724 = CARTESIAN_POINT('',(8.,0.469513639228,10.));
#1725 = CARTESIAN_POINT('',(7.967852379649,0.934454269372,9.974281499919
    ));
#1726 = CARTESIAN_POINT('',(7.904682326013,1.390132138743,9.923746862175
    ));
#1727 = CARTESIAN_POINT('',(7.81271933603,1.83193662619,9.850408982023)
  );
#1728 = CARTESIAN_POINT('',(7.695282297333,2.255515225127,9.75735194992)
  );
#1729 = CARTESIAN_POINT('',(7.556831285169,2.656847375772,9.648643838776
    ));
#1730 = CARTESIAN_POINT('',(7.326421705768,3.219387628391,9.469642279398
    ));
#1731 = CARTESIAN_POINT('',(7.2455157072,3.401177226428,9.407072915581)
  );
#1732 = CARTESIAN_POINT('',(7.160722968059,3.577659784357,9.341833731587
    ));
#1733 = CARTESIAN_POINT('',(7.072367070128,3.748924258189,9.274240985587
    ));
#1734 = CARTESIAN_POINT('',(6.980740270656,3.915070576771,9.204587088839
    ));
#1735 = CARTESIAN_POINT('',(6.886103484387,4.076209503303,9.133140707569
    ));
#1736 = CARTESIAN_POINT('',(6.521084156724,4.661684672481,8.85963502015)
  );
#1737 = CARTESIAN_POINT('',(6.232029578602,5.054793862767,8.647093017375
    ));
#1738 = CARTESIAN_POINT('',(5.926011972962,5.41427046005,8.427428684147)
  );
#1739 = CARTESIAN_POINT('',(5.605925993352,5.742770234,8.204401950085));
#1740 = CARTESIAN_POINT('',(5.273305682813,6.042831903582,7.980927213975
    ));
#1741 = CARTESIAN_POINT('',(4.928540804815,6.31658728357,7.7594864723));
#1742 = CARTESIAN_POINT('',(4.246156658498,6.791673927446,7.345956183543
    ));
#1743 = CARTESIAN_POINT('',(3.911170392133,6.997055109595,7.153279904768
    ));
#1744 = CARTESIAN_POINT('',(3.566174527693,7.182464360766,6.967157928024
    ));
#1745 = CARTESIAN_POINT('',(3.2111358493,7.348162437791,6.790328152739)
  );
#1746 = CARTESIAN_POINT('',(2.845984563574,7.493988378571,6.626112127879
    ));
#1747 = CARTESIAN_POINT('',(2.4705588451,7.61946921305,6.478472575573));
#1748 = CARTESIAN_POINT('',(1.983376113728,7.750946404172,6.318597354217
    ));
#1749 = CARTESIAN_POINT('',(1.881647448886,7.776746013833,6.286886771366
    ));
#1750 = CARTESIAN_POINT('',(1.779255246698,7.801054036861,6.25670960387)
  );
#1751 = CARTESIAN_POINT('',(1.676228487328,7.823847600667,6.228151556602
    ));
#1752 = CARTESIAN_POINT('',(1.572592393493,7.845105596929,6.201294783198
    ));
#1753 = CARTESIAN_POINT('',(1.468368439386,7.864807977062,6.176217564908
    ));
#1754 = CARTESIAN_POINT('',(1.172832409739,7.915929209183,6.110723375729
    ));
#1755 = CARTESIAN_POINT('',(0.980041104395,7.94373217018,6.074558302254)
  );
#1756 = CARTESIAN_POINT('',(0.785675200358,7.96614483416,6.045046819409)
  );
#1757 = CARTESIAN_POINT('',(0.590141949393,7.983041007284,6.022612020797
    ));
#1758 = CARTESIAN_POINT('',(0.393800185552,7.994341534121,6.007544607393
    ));
#1759 = CARTESIAN_POINT('',(0.196979570952,8.,6.));
#1760 = CARTESIAN_POINT('',(-0.304754223558,8.,6.));
#1761 = CARTESIAN_POINT('',(-0.608364048826,7.986455902399,
    6.018058498602));
#1762 = CARTESIAN_POINT('',(-0.91011726884,7.959549751837,6.053934345088
    ));
#1763 = CARTESIAN_POINT('',(-1.209204156637,7.919511474871,
    6.106782594016));
#1764 = CARTESIAN_POINT('',(-1.5046070378,7.866660951974,6.175149332093)
  );
#1765 = CARTESIAN_POINT('',(-1.794994616315,7.801555118457,
    6.257010619884));
#1766 = CARTESIAN_POINT('',(-2.462542803908,7.621938731111,
    6.475532081758));
#1767 = CARTESIAN_POINT('',(-2.835873394456,7.497615907169,
    6.621920805201));
#1768 = CARTESIAN_POINT('',(-3.199054190268,7.353182172221,
    6.784755561163));
#1769 = CARTESIAN_POINT('',(-3.552243717869,7.189107687663,
    6.960137876209));
#1770 = CARTESIAN_POINT('',(-3.895508572729,7.005558955993,
    7.144791607555));
#1771 = CARTESIAN_POINT('',(-4.228879231096,6.80229436692,7.336011092711
    ));
#1772 = CARTESIAN_POINT('',(-4.910415808357,6.330682418001,7.74795205713
    ));
#1773 = CARTESIAN_POINT('',(-5.255794248404,6.058040216876,
    7.969321736333));
#1774 = CARTESIAN_POINT('',(-5.589022951999,5.759161792595,8.19281581813
    ));
#1775 = CARTESIAN_POINT('',(-5.909750657287,5.431927184758,
    8.415961288608));
#1776 = CARTESIAN_POINT('',(-6.216487155341,5.073797434126,
    8.635866979162));
#1777 = CARTESIAN_POINT('',(-6.506383615241,4.682104493283,
    8.848802906313));
#1778 = CARTESIAN_POINT('',(-6.952800063432,3.97119148945,9.183002351994
    ));
#1779 = CARTESIAN_POINT('',(-7.121865045219,3.671300914802,
    9.311360547666));
#1780 = CARTESIAN_POINT('',(-7.280453462727,3.354294715535,
    9.433239025567));
#1781 = CARTESIAN_POINT('',(-7.426636848767,3.019899807983,
    9.546744162857));
#1782 = CARTESIAN_POINT('',(-7.558274445851,2.667990152524,9.64980896891
    ));
#1783 = CARTESIAN_POINT('',(-7.672987180401,2.298631108974,9.74019251084
    ));
#1784 = CARTESIAN_POINT('',(-7.87464057136,1.479402365712,9.899784076294
    ));
#1785 = CARTESIAN_POINT('',(-7.957018135223,1.023569479759,
    9.965482959044));
#1786 = CARTESIAN_POINT('',(-8.009372621682,0.552204821314,
    10.007495122872));
#1787 = CARTESIAN_POINT('',(-8.028384718344,7.315561586324E-02,
    10.022776926119));
#1788 = CARTESIAN_POINT('',(-8.013164722824,-0.405563643637,
    10.010504120561));
#1789 = CARTESIAN_POINT('',(-7.965234786198,-0.875945002916,
    9.972101812426));
#1790 = CARTESIAN_POINT('',(-7.807453587325,-1.811629623415,
    9.846517989892));
#1791 = CARTESIAN_POINT('',(-7.694694907155,-2.271294321376,
    9.757052931667));
#1792 = CARTESIAN_POINT('',(-7.554796295332,-2.707799356648,
    9.646679120793));
#1793 = CARTESIAN_POINT('',(-7.391884281316,-3.1202159919,9.519245313082
    ));
#1794 = CARTESIAN_POINT('',(-7.209839658432,-3.508029170981,
    9.37846656966));
#1795 = CARTESIAN_POINT('',(-7.012359860509,-3.871060000983,
    9.227893362424));
#1796 = CARTESIAN_POINT('',(-6.535782544376,-4.641280438496,
    8.870468348677));
#1797 = CARTESIAN_POINT('',(-6.246856424504,-5.036739423759,
    8.657797067809));
#1798 = CARTESIAN_POINT('',(-5.940810914412,-5.39828582416,
    8.437853308381));
#1799 = CARTESIAN_POINT('',(-5.620592587699,-5.728620979434,
    8.214440064432));
#1800 = CARTESIAN_POINT('',(-5.287758884417,-6.0303317884,7.990490400585
    ));
#1801 = CARTESIAN_POINT('',(-4.942698339293,-6.305593500192,
    7.76848625306));
#1802 = CARTESIAN_POINT('',(-4.259959399012,-6.783055215783,
    7.353954567161));
#1803 = CARTESIAN_POINT('',(-3.92500946646,-6.989341220318,
    7.160877172044));
#1804 = CARTESIAN_POINT('',(-3.580037582704,-7.175603757033,
    6.97429182086));
#1805 = CARTESIAN_POINT('',(-3.225006915549,-7.342118837879,
    6.796928029319));
#1806 = CARTESIAN_POINT('',(-2.859843918947,-7.488735032869,
    6.632100197606));
#1807 = CARTESIAN_POINT('',(-2.484384959018,-7.614985435625,
    6.483769490319));
#1808 = CARTESIAN_POINT('',(-1.812114887968,-7.797699525192,6.2618562577
    ));
#1809 = CARTESIAN_POINT('',(-1.51910128939,-7.86405603071,6.17851799912)
  );
#1810 = CARTESIAN_POINT('',(-1.220941767354,-7.917932157364,
    6.108866893083));
#1811 = CARTESIAN_POINT('',(-0.919006579731,-7.958752167824,
    6.054997826593));
#1812 = CARTESIAN_POINT('',(-0.614338558823,-7.9861871949,6.018416759612
    ));
#1813 = CARTESIAN_POINT('',(-0.307762601102,-8.,6.));
#1814 = CARTESIAN_POINT('',(0.196366906752,-8.,6.));
#1815 = CARTESIAN_POINT('',(0.392577155399,-7.994376678243,
    6.007497748876));
#1816 = CARTESIAN_POINT('',(0.588313159855,-7.983146152412,
    6.022471826594));
#1817 = CARTESIAN_POINT('',(0.7832477243,-7.966354291971,6.044768699117)
  );
#1818 = CARTESIAN_POINT('',(0.977024901069,-7.944079396841,
    6.074101080918));
#1819 = CARTESIAN_POINT('',(1.169241003095,-7.916446249149,
    6.110050768434));
#1820 = CARTESIAN_POINT('',(1.463973711347,-7.865623703633,
    6.175177929207));
#1821 = CARTESIAN_POINT('',(1.567955535289,-7.846027867792,
    6.200126400313));
#1822 = CARTESIAN_POINT('',(1.671353480818,-7.824883572847,
    6.226847913962));
#1823 = CARTESIAN_POINT('',(1.774146071678,-7.802210726597,
    6.255264836573));
#1824 = CARTESIAN_POINT('',(1.876308108465,-7.778030300138,
    6.285295662541));
#1825 = CARTESIAN_POINT('',(1.97781065984,-7.752365025671,6.316855331962
    ));
#1826 = CARTESIAN_POINT('',(2.462542314839,-7.621938862704,
    6.475531921662));
#1827 = CARTESIAN_POINT('',(2.835872679833,-7.497616160328,
    6.621920509611));
#1828 = CARTESIAN_POINT('',(3.199053475242,-7.353182489929,
    6.784755213036));
#1829 = CARTESIAN_POINT('',(3.552243157349,-7.189107989775,6.96013757255
    ));
#1830 = CARTESIAN_POINT('',(3.89550824195,-7.005559164443,7.144791415264
    ));
#1831 = CARTESIAN_POINT('',(4.228879110124,-6.80229445063,7.336011019592
    ));
#1832 = CARTESIAN_POINT('',(4.910385906737,-6.330703109423,
    7.747933983702));
#1833 = CARTESIAN_POINT('',(5.255774471572,-6.058059495802,
    7.969307687197));
#1834 = CARTESIAN_POINT('',(5.589030535219,-5.759160902223,
    8.192819640633));
#1835 = CARTESIAN_POINT('',(5.909783916912,-5.431897070063,
    8.415984132271));
#1836 = CARTESIAN_POINT('',(6.216530502359,-5.073744653887,
    8.635898472516));
#1837 = CARTESIAN_POINT('',(6.506414720186,-4.682054959021,
    8.848826192316));
#1838 = CARTESIAN_POINT('',(6.952800063432,-3.97119148945,9.183002351994
    ));
#1839 = CARTESIAN_POINT('',(7.121865045219,-3.671300914801,
    9.311360547666));
#1840 = CARTESIAN_POINT('',(7.280453462727,-3.354294715535,
    9.433239025567));
#1841 = CARTESIAN_POINT('',(7.426636848766,-3.019899807983,
    9.546744162857));
#1842 = CARTESIAN_POINT('',(7.558274445852,-2.667990152524,9.64980896891
    ));
#1843 = CARTESIAN_POINT('',(7.672987180401,-2.298631108975,9.74019251084
    ));
#1844 = CARTESIAN_POINT('',(7.831480816735,-1.654741403518,
    9.865626789018));
#1845 = CARTESIAN_POINT('',(7.886149397959,-1.38977826574,9.909070615618
    ));
#1846 = CARTESIAN_POINT('',(7.931039178913,-1.118596434779,
    9.944861767918));
#1847 = CARTESIAN_POINT('',(7.965319872636,-0.842593411376,
    9.972255915215));
#1848 = CARTESIAN_POINT('',(7.988415303193,-0.563195327703,
    9.990732235446));
#1849 = CARTESIAN_POINT('',(8.,-0.281846804324,10.));
#1850 = CARTESIAN_POINT('',(8.,-8.881784197001E-16,10.));
#1851 = PCURVE('',#1436,#1852);
#1852 = DEFINITIONAL_REPRESENTATION('',(#1853),#1982);
#1853 = B_SPLINE_CURVE_WITH_KNOTS('',7,(#1854,#1855,#1856,#1857,#1858,
    #1859,#1860,#1861,#1862,#1863,#1864,#1865,#1866,#1867,#1868,#1869,
    #1870,#1871,#1872,#1873,#1874,#1875,#1876,#1877,#1878,#1879,#1880,
    #1881,#1882,#1883,#1884,#1885,#1886,#1887,#1888,#1889,#1890,#1891,
    #1892,#1893,#1894,#1895,#1896,#1897,#1898,#1899,#1900,#1901,#1902,
    #1903,#1904,#1905,#1906,#1907,#1908,#1909,#1910,#1911,#1912,#1913,
    #1914,#1915,#1916,#1917,#1918,#1919,#1920,#1921,#1922,#1923,#1924,
    #1925,#1926,#1927,#1928,#1929,#1930,#1931,#1932,#1933,#1934,#1935,
    #1936,#1937,#1938,#1939,#1940,#1941,#1942,#1943,#1944,#1945,#1946,
    #1947,#1948,#1949,#1950,#1951,#1952,#1953,#1954,#1955,#1956,#1957,
    #1958,#1959,#1960,#1961,#1962,#1963,#1964,#1965,#1966,#1967,#1968,
    #1969,#1970,#1971,#1972,#1973,#1974,#1975,#1976,#1977,#1978,#1979,
    #1980,#1981),.UNSPECIFIED.,.T.,.F.,(8,6,6,6,6,6,6,6,6,6,6,6,6,6,6,6,
    6,6,6,6,6,8),(0.,4.959223635637E-02,7.432118592819E-02,
    0.142250851114,0.203971692625,0.220120334125,0.249513438901,
    0.294988575132,0.356544521923,0.424729072091,0.469863464109,
    0.520395133152,0.573942427204,0.642295712551,0.704321809697,
    0.750265102678,0.779579068366,0.79569347529,0.857062776496,
    0.925034881915,0.970033858136,1.),.UNSPECIFIED.);
#1854 = CARTESIAN_POINT('',(1.570796326795,48.));
#1855 = CARTESIAN_POINT('',(1.523844962872,48.));
#1856 = CARTESIAN_POINT('',(1.477350839621,47.967852379649));
#1857 = CARTESIAN_POINT('',(1.431614206953,47.904682326013));
#1858 = CARTESIAN_POINT('',(1.38694114987,47.81271933603));
#1859 = CARTESIAN_POINT('',(1.343656192587,47.695282297333));
#1860 = CARTESIAN_POINT('',(1.302116119952,47.556831285169));
#1861 = CARTESIAN_POINT('',(1.243082816295,47.326421705768));
#1862 = CARTESIAN_POINT('',(1.223862478535,47.2455157072));
#1863 = CARTESIAN_POINT('',(1.205054538482,47.160722968059));
#1864 = CARTESIAN_POINT('',(1.186650102974,47.072367070128));
#1865 = CARTESIAN_POINT('',(1.168640542141,46.980740270656));
#1866 = CARTESIAN_POINT('',(1.151017181445,46.886103484387));
#1867 = CARTESIAN_POINT('',(1.086396245614,46.521084156724));
#1868 = CARTESIAN_POINT('',(1.041784210206,46.232029578602));
#1869 = CARTESIAN_POINT('',(0.999744254451,45.926011972963));
#1870 = CARTESIAN_POINT('',(0.960112222409,45.605925993352));
#1871 = CARTESIAN_POINT('',(0.922748138048,45.273305682813));
#1872 = CARTESIAN_POINT('',(0.887560562762,44.928540804815));
#1873 = CARTESIAN_POINT('',(0.824575277265,44.246156658498));
#1874 = CARTESIAN_POINT('',(0.796433571192,43.911170392133));
#1875 = CARTESIAN_POINT('',(0.770184607959,43.566174527693));
#1876 = CARTESIAN_POINT('',(0.745968783586,43.2111358493));
#1877 = CARTESIAN_POINT('',(0.724015530811,42.845984563574));
#1878 = CARTESIAN_POINT('',(0.704642094056,42.4705588451));
#1879 = CARTESIAN_POINT('',(0.683942737016,41.983376113728));
#1880 = CARTESIAN_POINT('',(0.67985478578,41.881647448886));
#1881 = CARTESIAN_POINT('',(0.675979882706,41.779255246698));
#1882 = CARTESIAN_POINT('',(0.672326027561,41.676228487328));
#1883 = CARTESIAN_POINT('',(0.668900880881,41.572592393493));
#1884 = CARTESIAN_POINT('',(0.665711773598,41.468368439386));
#1885 = CARTESIAN_POINT('',(0.657403422865,41.172832409739));
#1886 = CARTESIAN_POINT('',(0.652841840767,40.980041104395));
#1887 = CARTESIAN_POINT('',(0.64913616194,40.785675200358));
#1888 = CARTESIAN_POINT('',(0.646327613291,40.590141949393));
#1889 = CARTESIAN_POINT('',(0.644444183941,40.393800185552));
#1890 = CARTESIAN_POINT('',(0.643501108793,40.196979570952));
#1891 = CARTESIAN_POINT('',(0.643501108793,39.695245776442));
#1892 = CARTESIAN_POINT('',(0.645758402078,39.391635951174));
#1893 = CARTESIAN_POINT('',(0.650242948851,39.08988273116));
#1894 = CARTESIAN_POINT('',(0.656872967148,38.790795843363));
#1895 = CARTESIAN_POINT('',(0.665513364124,38.4953929622));
#1896 = CARTESIAN_POINT('',(0.675971433797,38.205005383685));
#1897 = CARTESIAN_POINT('',(0.704258122522,37.537457196092));
#1898 = CARTESIAN_POINT('',(0.723461320086,37.164126605544));
#1899 = CARTESIAN_POINT('',(0.74521907707,36.800945809732));
#1900 = CARTESIAN_POINT('',(0.769218737536,36.44775628213));
#1901 = CARTESIAN_POINT('',(0.795232974518,36.104491427271));
#1902 = CARTESIAN_POINT('',(0.823121205858,35.771120768904));
#1903 = CARTESIAN_POINT('',(0.885740147763,35.089584191643));
#1904 = CARTESIAN_POINT('',(0.920836960167,34.744205751596));
#1905 = CARTESIAN_POINT('',(0.958107742238,34.410977048001));
#1906 = CARTESIAN_POINT('',(0.997642393574,34.090249342713));
#1907 = CARTESIAN_POINT('',(1.039580752304,33.783512844659));
#1908 = CARTESIAN_POINT('',(1.084087574335,33.493616384759));
#1909 = CARTESIAN_POINT('',(1.162642432143,33.047199936568));
#1910 = CARTESIAN_POINT('',(1.195243008712,32.878134954781));
#1911 = CARTESIAN_POINT('',(1.229166878769,32.719546537273));
#1912 = CARTESIAN_POINT('',(1.264427136975,32.573363151233));
#1913 = CARTESIAN_POINT('',(1.301039225643,32.441725554149));
#1914 = CARTESIAN_POINT('',(1.339021862383,32.327012819599));
#1915 = CARTESIAN_POINT('',(1.422484740451,32.12535942864));
#1916 = CARTESIAN_POINT('',(1.468483411774,32.042981864777));
#1917 = CARTESIAN_POINT('',(1.515692675498,31.990627378318));
#1918 = CARTESIAN_POINT('',(1.563481495188,31.971615281656));
#1919 = CARTESIAN_POINT('',(1.611247795458,31.986835277176));
#1920 = CARTESIAN_POINT('',(1.658378947338,32.034765213802));
#1921 = CARTESIAN_POINT('',(1.752786415555,32.192546412675));
#1922 = CARTESIAN_POINT('',(1.799534481294,32.305305092845));
#1923 = CARTESIAN_POINT('',(1.844452411949,32.445203704668));
#1924 = CARTESIAN_POINT('',(1.887521027355,32.608115718684));
#1925 = CARTESIAN_POINT('',(1.928709786856,32.790160341568));
#1926 = CARTESIAN_POINT('',(1.967978131865,32.987640139491));
#1927 = CARTESIAN_POINT('',(2.052889389235,33.464217455624));
#1928 = CARTESIAN_POINT('',(2.097713206324,33.753143575496));
#1929 = CARTESIAN_POINT('',(2.139943237434,34.059189085588));
#1930 = CARTESIAN_POINT('',(2.179747961995,34.379407412301));
#1931 = CARTESIAN_POINT('',(2.217272097713,34.712241115583));
#1932 = CARTESIAN_POINT('',(2.252611941269,35.057301660707));
#1933 = CARTESIAN_POINT('',(2.315842172051,35.740040600988));
#1934 = CARTESIAN_POINT('',(2.344077142937,36.07499053354));
#1935 = CARTESIAN_POINT('',(2.3704189503,36.419962417296));
#1936 = CARTESIAN_POINT('',(2.394729409658,36.774993084451));
#1937 = CARTESIAN_POINT('',(2.416780750822,37.140156081053));
#1938 = CARTESIAN_POINT('',(2.43625664144,37.515615040982));
#1939 = CARTESIAN_POINT('',(2.465002062178,38.187885112032));
#1940 = CARTESIAN_POINT('',(2.475653502897,38.48089871061));
#1941 = CARTESIAN_POINT('',(2.48445818804,38.779058232646));
#1942 = CARTESIAN_POINT('',(2.491216765632,39.080993420269));
#1943 = CARTESIAN_POINT('',(2.495789470416,39.385661441177));
#1944 = CARTESIAN_POINT('',(2.498091544797,39.692237398898));
#1945 = CARTESIAN_POINT('',(2.498091544797,40.196366906752));
#1946 = CARTESIAN_POINT('',(2.497154326946,40.392577155399));
#1947 = CARTESIAN_POINT('',(2.495282564619,40.588313159855));
#1948 = CARTESIAN_POINT('',(2.492491308686,40.7832477243));
#1949 = CARTESIAN_POINT('',(2.488808224086,40.977024901069));
#1950 = CARTESIAN_POINT('',(2.484274065395,41.169241003095));
#1951 = CARTESIAN_POINT('',(2.476013025386,41.463973711347));
#1952 = CARTESIAN_POINT('',(2.472840623973,41.567955535289));
#1953 = CARTESIAN_POINT('',(2.469433139081,41.671353480818));
#1954 = CARTESIAN_POINT('',(2.465797843436,41.774146071678));
#1955 = CARTESIAN_POINT('',(2.461942340145,41.876308108465));
#1956 = CARTESIAN_POINT('',(2.457874572265,41.97781065984));
#1957 = CARTESIAN_POINT('',(2.437334551792,42.462542314839));
#1958 = CARTESIAN_POINT('',(2.418131372415,42.835872679833));
#1959 = CARTESIAN_POINT('',(2.396373623611,43.199053475242));
#1960 = CARTESIAN_POINT('',(2.372373958829,43.552243157349));
#1961 = CARTESIAN_POINT('',(2.346359707422,43.895508241949));
#1962 = CARTESIAN_POINT('',(2.318471458846,44.228879110124));
#1963 = CARTESIAN_POINT('',(2.25585525316,44.910385906737));
#1964 = CARTESIAN_POINT('',(2.220758069132,45.255774471573));
#1965 = CARTESIAN_POINT('',(2.183484608861,45.589030535218));
#1966 = CARTESIAN_POINT('',(2.143946501983,45.909783916913));
#1967 = CARTESIAN_POINT('',(2.102005785299,46.216530502359));
#1968 = CARTESIAN_POINT('',(2.05749960579,46.506414720186));
#1969 = CARTESIAN_POINT('',(1.978950221447,46.952800063432));
#1970 = CARTESIAN_POINT('',(1.946349644877,47.121865045219));
#1971 = CARTESIAN_POINT('',(1.91242577482,47.280453462727));
#1972 = CARTESIAN_POINT('',(1.877165516614,47.426636848766));
#1973 = CARTESIAN_POINT('',(1.840553427947,47.558274445852));
#1974 = CARTESIAN_POINT('',(1.802570791207,47.672987180401));
#1975 = CARTESIAN_POINT('',(1.736971422999,47.831480816735));
#1976 = CARTESIAN_POINT('',(1.710133297653,47.886149397959));
#1977 = CARTESIAN_POINT('',(1.682801673453,47.931039178913));
#1978 = CARTESIAN_POINT('',(1.655092226956,47.965319872636));
#1979 = CARTESIAN_POINT('',(1.62711586371,47.988415303193));
#1980 = CARTESIAN_POINT('',(1.598981007227,48.));
#1981 = CARTESIAN_POINT('',(1.570796326795,48.));
#1982 = ( GEOMETRIC_REPRESENTATION_CONTEXT(2) 
PARAMETRIC_REPRESENTATION_CONTEXT() REPRESENTATION_CONTEXT('2D SPACE',''
  ) );
#1983 = PCURVE('',#1984,#1989);
#1984 = CYLINDRICAL_SURFACE('',#1985,8.);
#1985 = AXIS2_PLACEMENT_3D('',#1986,#1987,#1988);
#1986 = CARTESIAN_POINT('',(0.,0.,-30.));
#1987 = DIRECTION('',(0.,0.,1.));
#1988 = DIRECTION('',(1.,0.,0.));
#1989 = DEFINITIONAL_REPRESENTATION('',(#1990),#2119);
#1990 = B_SPLINE_CURVE_WITH_KNOTS('',7,(#1991,#1992,#1993,#1994,#1995,
    #1996,#1997,#1998,#1999,#2000,#2001,#2002,#2003,#2004,#2005,#2006,
    #2007,#2008,#2009,#2010,#2011,#2012,#2013,#2014,#2015,#2016,#2017,
    #2018,#2019,#2020,#2021,#2022,#2023,#2024,#2025,#2026,#2027,#2028,
    #2029,#2030,#2031,#2032,#2033,#2034,#2035,#2036,#2037,#2038,#2039,
    #2040,#2041,#2042,#2043,#2044,#2045,#2046,#2047,#2048,#2049,#2050,
    #2051,#2052,#2053,#2054,#2055,#2056,#2057,#2058,#2059,#2060,#2061,
    #2062,#2063,#2064,#2065,#2066,#2067,#2068,#2069,#2070,#2071,#2072,
    #2073,#2074,#2075,#2076,#2077,#2078,#2079,#2080,#2081,#2082,#2083,
    #2084,#2085,#2086,#2087,#2088,#2089,#2090,#2091,#2092,#2093,#2094,
    #2095,#2096,#2097,#2098,#2099,#2100,#2101,#2102,#2103,#2104,#2105,
    #2106,#2107,#2108,#2109,#2110,#2111,#2112,#2113,#2114,#2115,#2116,
    #2117,#2118),.UNSPECIFIED.,.F.,.F.,(8,6,6,6,6,6,6,6,6,6,6,6,6,6,6,6,
    6,6,6,6,6,8),(0.,4.959223635637E-02,7.432118592819E-02,
    0.142250851114,0.203971692625,0.220120334125,0.249513438901,
    0.294988575132,0.356544521923,0.424729072091,0.469863464109,
    0.520395133152,0.573942427204,0.642295712551,0.704321809697,
    0.750265102678,0.779579068366,0.79569347529,0.857062776496,
    0.925034881915,0.970033858136,1.),.UNSPECIFIED.);
#1991 = CARTESIAN_POINT('',(0.,40.));
#1992 = CARTESIAN_POINT('',(5.868920490354E-02,40.));
#1993 = CARTESIAN_POINT('',(0.116806778568,39.974281499919));
#1994 = CARTESIAN_POINT('',(0.174096721775,39.923746862175));
#1995 = CARTESIAN_POINT('',(0.230283794798,39.850408982023));
#1996 = CARTESIAN_POINT('',(0.285057292623,39.75735194992));
#1997 = CARTESIAN_POINT('',(0.338040272047,39.648643838776));
#1998 = CARTESIAN_POINT('',(0.414027535587,39.469642279398));
#1999 = CARTESIAN_POINT('',(0.438888922576,39.407072915581));
#2000 = CARTESIAN_POINT('',(0.463346949516,39.341833731587));
#2001 = CARTESIAN_POINT('',(0.487419052522,39.274240985587));
#2002 = CARTESIAN_POINT('',(0.511122142329,39.204587088839));
#2003 = CARTESIAN_POINT('',(0.534473200712,39.133140707569));
#2004 = CARTESIAN_POINT('',(0.620715979694,38.85963502015));
#2005 = CARTESIAN_POINT('',(0.681530166114,38.647093017375));
#2006 = CARTESIAN_POINT('',(0.740311421427,38.427428684147));
#2007 = CARTESIAN_POINT('',(0.797421334498,38.204401950085));
#2008 = CARTESIAN_POINT('',(0.85323834819,37.980927213975));
#2009 = CARTESIAN_POINT('',(0.908158564292,37.7594864723));
#2010 = CARTESIAN_POINT('',(1.012093297593,37.345956183543));
#2011 = CARTESIAN_POINT('',(1.061126942114,37.153279904768));
#2012 = CARTESIAN_POINT('',(1.109958890654,36.967157928024));
#2013 = CARTESIAN_POINT('',(1.158792822817,36.790328152739));
#2014 = CARTESIAN_POINT('',(1.207813656787,36.626112127879));
#2015 = CARTESIAN_POINT('',(1.257207751628,36.478472575573));
#2016 = CARTESIAN_POINT('',(1.320284251008,36.318597354217));
#2017 = CARTESIAN_POINT('',(1.33340138502,36.286886771366));
#2018 = CARTESIAN_POINT('',(1.346553675489,36.25670960387));
#2019 = CARTESIAN_POINT('',(1.359740622831,36.228151556602));
#2020 = CARTESIAN_POINT('',(1.372962324857,36.201294783198));
#2021 = CARTESIAN_POINT('',(1.386219455806,36.176217564908));
#2022 = CARTESIAN_POINT('',(1.423710064046,36.110723375729));
#2023 = CARTESIAN_POINT('',(1.448048696852,36.074558302254));
#2024 = CARTESIAN_POINT('',(1.472489585864,36.045046819409));
#2025 = CARTESIAN_POINT('',(1.49700419131,36.022612020797));
#2026 = CARTESIAN_POINT('',(1.521571307512,36.007544607393));
#2027 = CARTESIAN_POINT('',(1.546173880426,36.));
#2028 = CARTESIAN_POINT('',(1.60889060474,36.));
#2029 = CARTESIAN_POINT('',(1.646841778635,36.018058498602));
#2030 = CARTESIAN_POINT('',(1.684651413879,36.053934345088));
#2031 = CARTESIAN_POINT('',(1.722304837423,36.106782594016));
#2032 = CARTESIAN_POINT('',(1.759759506721,36.175149332093));
#2033 = CARTESIAN_POINT('',(1.796925771248,36.257010619884));
#2034 = CARTESIAN_POINT('',(1.883337090436,36.475532081758));
#2035 = CARTESIAN_POINT('',(1.932438479562,36.621920805201));
#2036 = CARTESIAN_POINT('',(1.98116832258,36.784755561163));
#2037 = CARTESIAN_POINT('',(2.029709551312,36.960137876209));
#2038 = CARTESIAN_POINT('',(2.0782432108,37.144791607555));
#2039 = CARTESIAN_POINT('',(2.126968195544,37.336011092711));
#2040 = CARTESIAN_POINT('',(2.230568232985,37.74795205713));
#2041 = CARTESIAN_POINT('',(2.285462230886,37.969321736333));
#2042 = CARTESIAN_POINT('',(2.341237189044,38.19281581813));
#2043 = CARTESIAN_POINT('',(2.398290733981,38.415961288608));
#2044 = CARTESIAN_POINT('',(2.457003206181,38.635866979162));
#2045 = CARTESIAN_POINT('',(2.517738163894,38.848802906313));
#2046 = CARTESIAN_POINT('',(2.622670057299,39.183002351994));
#2047 = CARTESIAN_POINT('',(2.665654732074,39.311360547666));
#2048 = CARTESIAN_POINT('',(2.709873971251,39.433239025567));
#2049 = CARTESIAN_POINT('',(2.755378575007,39.546744162857));
#2050 = CARTESIAN_POINT('',(2.802226326453,39.64980896891));
#2051 = CARTESIAN_POINT('',(2.85048529757,39.74019251084));
#2052 = CARTESIAN_POINT('',(2.95594558511,39.899784076294));
#2053 = CARTESIAN_POINT('',(3.013734431531,39.965482959044));
#2054 = CARTESIAN_POINT('',(3.072793587128,40.007495122872));
#2055 = CARTESIAN_POINT('',(3.132449596226,40.022776926119));
#2056 = CARTESIAN_POINT('',(3.192084635311,40.010504120561));
#2057 = CARTESIAN_POINT('',(3.251060014529,39.972101812426));
#2058 = CARTESIAN_POINT('',(3.369671816729,39.846517989892));
#2059 = CARTESIAN_POINT('',(3.42867375415,39.757052931667));
#2060 = CARTESIAN_POINT('',(3.485756006968,39.646679120793));
#2061 = CARTESIAN_POINT('',(3.540979780387,39.519245313082));
#2062 = CARTESIAN_POINT('',(3.594377291623,39.37846656966));
#2063 = CARTESIAN_POINT('',(3.645955077128,39.227893362424));
#2064 = CARTESIAN_POINT('',(3.759172612528,38.870468348677));
#2065 = CARTESIAN_POINT('',(3.820211945196,38.657797067808));
#2066 = CARTESIAN_POINT('',(3.879190308406,38.437853308381));
#2067 = CARTESIAN_POINT('',(3.936474307295,38.214440064432));
#2068 = CARTESIAN_POINT('',(3.992447990392,37.990490400585));
#2069 = CARTESIAN_POINT('',(4.047513532805,37.76848625306));
#2070 = CARTESIAN_POINT('',(4.151654524256,37.353954567161));
#2071 = CARTESIAN_POINT('',(4.200743170579,37.160877172044));
#2072 = CARTESIAN_POINT('',(4.249622680324,36.97429182086));
#2073 = CARTESIAN_POINT('',(4.298498630577,36.796928029319));
#2074 = CARTESIAN_POINT('',(4.347557266539,36.632100197606));
#2075 = CARTESIAN_POINT('',(4.396985722977,36.483769490319));
#2076 = CARTESIAN_POINT('',(4.484067893848,36.2618562577));
#2077 = CARTESIAN_POINT('',(4.521587817016,36.17851799912));
#2078 = CARTESIAN_POINT('',(4.559402649394,36.108866893083));
#2079 = CARTESIAN_POINT('',(4.59742002105,36.054997826593));
#2080 = CARTESIAN_POINT('',(4.63559671789,36.018416759612));
#2081 = CARTESIAN_POINT('',(4.673918655247,36.));
#2082 = CARTESIAN_POINT('',(4.736934843729,36.));
#2083 = CARTESIAN_POINT('',(4.761461120975,36.007497748876));
#2084 = CARTESIAN_POINT('',(4.785952290186,36.022471826594));
#2085 = CARTESIAN_POINT('',(4.810391383453,36.044768699117));
#2086 = CARTESIAN_POINT('',(4.834757339908,36.074101080918));
#2087 = CARTESIAN_POINT('',(4.859021867148,36.110050768434));
#2088 = CARTESIAN_POINT('',(4.896407171005,36.175177929207));
#2089 = CARTESIAN_POINT('',(4.909632102404,36.200126400313));
#2090 = CARTESIAN_POINT('',(4.922821807949,36.226847913962));
#2091 = CARTESIAN_POINT('',(4.935976938669,36.255264836573));
#2092 = CARTESIAN_POINT('',(4.949097573125,36.285295662541));
#2093 = CARTESIAN_POINT('',(4.962183196585,36.316855331962));
#2094 = CARTESIAN_POINT('',(5.024929680718,36.475531921662));
#2095 = CARTESIAN_POINT('',(5.074031038668,36.621920509611));
#2096 = CARTESIAN_POINT('',(5.122760878782,36.784755213036));
#2097 = CARTESIAN_POINT('',(5.17130212558,36.96013757255));
#2098 = CARTESIAN_POINT('',(5.219835815563,37.144791415264));
#2099 = CARTESIAN_POINT('',(5.268560830745,37.336011019592));
#2100 = CARTESIAN_POINT('',(5.372156341245,37.747933983702));
#2101 = CARTESIAN_POINT('',(5.427051481296,37.969307687197));
#2102 = CARTESIAN_POINT('',(5.482830616927,38.192819640633));
#2103 = CARTESIAN_POINT('',(5.539888930454,38.415984132271));
#2104 = CARTESIAN_POINT('',(5.598604328139,38.635898472516));
#2105 = CARTESIAN_POINT('',(5.65933812882,38.848826192316));
#2106 = CARTESIAN_POINT('',(5.764262710889,39.183002351994));
#2107 = CARTESIAN_POINT('',(5.807247385664,39.311360547666));
#2108 = CARTESIAN_POINT('',(5.85146662484,39.433239025567));
#2109 = CARTESIAN_POINT('',(5.896971228597,39.546744162857));
#2110 = CARTESIAN_POINT('',(5.943818980043,39.64980896891));
#2111 = CARTESIAN_POINT('',(5.99207795116,39.74019251084));
#2112 = CARTESIAN_POINT('',(6.07496663645,39.865626789018));
#2113 = CARTESIAN_POINT('',(6.108760388824,39.909070615618));
#2114 = CARTESIAN_POINT('',(6.14307619549,39.944861767918));
#2115 = CARTESIAN_POINT('',(6.177789707722,39.972255915215));
#2116 = CARTESIAN_POINT('',(6.212785890438,39.990732235446));
#2117 = CARTESIAN_POINT('',(6.247954456639,40.));
#2118 = CARTESIAN_POINT('',(6.28318530718,40.));
#2119 = ( GEOMETRIC_REPRESENTATION_CONTEXT(2) 
PARAMETRIC_REPRESENTATION_CONTEXT() REPRESENTATION_CONTEXT('2D SPACE',''
  ) );
#2120 = ADVANCED_FACE('',(#2121),#1651,.T.);
#2121 = FACE_BOUND('',#2122,.F.);
#2122 = EDGE_LOOP('',(#2123,#2143,#2144,#2145));
#2123 = ORIENTED_EDGE('',*,*,#2124,.F.);
#2124 = EDGE_CURVE('',#1667,#1635,#2125,.T.);
#2125 = SEAM_CURVE('',#2126,(#2131,#2137),.PCURVE_S1.);
#2126 = CIRCLE('',#2127,1.5);
#2127 = AXIS2_PLACEMENT_3D('',#2128,#2129,#2130);
#2128 = CARTESIAN_POINT('',(33.5,11.5,0.));
#2129 = DIRECTION('',(0.,-0.,1.));
#2130 = DIRECTION('',(0.,1.,0.));
#2131 = PCURVE('',#1651,#2132);
#2132 = DEFINITIONAL_REPRESENTATION('',(#2133),#2136);
#2133 = B_SPLINE_CURVE_WITH_KNOTS('',1,(#2134,#2135),.UNSPECIFIED.,.F.,
  .F.,(2,2),(3.14159265359,4.712388980385),.PIECEWISE_BEZIER_KNOTS.);
#2134 = CARTESIAN_POINT('',(0.,3.14159265359));
#2135 = CARTESIAN_POINT('',(0.,4.712388980385));
#2136 = ( GEOMETRIC_REPRESENTATION_CONTEXT(2) 
PARAMETRIC_REPRESENTATION_CONTEXT() REPRESENTATION_CONTEXT('2D SPACE',''
  ) );
#2137 = PCURVE('',#1651,#2138);
#2138 = DEFINITIONAL_REPRESENTATION('',(#2139),#2142);
#2139 = B_SPLINE_CURVE_WITH_KNOTS('',1,(#2140,#2141),.UNSPECIFIED.,.F.,
  .F.,(2,2),(3.14159265359,4.712388980385),.PIECEWISE_BEZIER_KNOTS.);
#2140 = CARTESIAN_POINT('',(-6.28318530718,3.14159265359));
#2141 = CARTESIAN_POINT('',(-6.28318530718,4.712388980385));
#2142 = ( GEOMETRIC_REPRESENTATION_CONTEXT(2) 
PARAMETRIC_REPRESENTATION_CONTEXT() REPRESENTATION_CONTEXT('2D SPACE',''
  ) );
#2143 = ORIENTED_EDGE('',*,*,#1691,.F.);
#2144 = ORIENTED_EDGE('',*,*,#2124,.T.);
#2145 = ORIENTED_EDGE('',*,*,#1634,.T.);
#2146 = ADVANCED_FACE('',(#2147),#1984,.F.);
#2147 = FACE_BOUND('',#2148,.F.);
#2148 = EDGE_LOOP('',(#2149,#2172,#2199,#2200));
#2149 = ORIENTED_EDGE('',*,*,#2150,.T.);
#2150 = EDGE_CURVE('',#1719,#2151,#2153,.T.);
#2151 = VERTEX_POINT('',#2152);
#2152 = CARTESIAN_POINT('',(8.,-1.959434878636E-15,30.));
#2153 = SEAM_CURVE('',#2154,(#2158,#2165),.PCURVE_S1.);
#2154 = LINE('',#2155,#2156);
#2155 = CARTESIAN_POINT('',(8.,-1.959434878636E-15,-30.));
#2156 = VECTOR('',#2157,1.);
#2157 = DIRECTION('',(0.,0.,1.));
#2158 = PCURVE('',#1984,#2159);
#2159 = DEFINITIONAL_REPRESENTATION('',(#2160),#2164);
#2160 = LINE('',#2161,#2162);
#2161 = CARTESIAN_POINT('',(6.28318530718,-0.));
#2162 = VECTOR('',#2163,1.);
#2163 = DIRECTION('',(0.,1.));
#2164 = ( GEOMETRIC_REPRESENTATION_CONTEXT(2) 
PARAMETRIC_REPRESENTATION_CONTEXT() REPRESENTATION_CONTEXT('2D SPACE',''
  ) );
#2165 = PCURVE('',#1984,#2166);
#2166 = DEFINITIONAL_REPRESENTATION('',(#2167),#2171);
#2167 = LINE('',#2168,#2169);
#2168 = CARTESIAN_POINT('',(0.,-0.));
#2169 = VECTOR('',#2170,1.);
#2170 = DIRECTION('',(0.,1.));
#2171 = ( GEOMETRIC_REPRESENTATION_CONTEXT(2) 
PARAMETRIC_REPRESENTATION_CONTEXT() REPRESENTATION_CONTEXT('2D SPACE',''
  ) );
#2172 = ORIENTED_EDGE('',*,*,#2173,.F.);
#2173 = EDGE_CURVE('',#2151,#2151,#2174,.T.);
#2174 = SURFACE_CURVE('',#2175,(#2180,#2187),.PCURVE_S1.);
#2175 = CIRCLE('',#2176,8.);
#2176 = AXIS2_PLACEMENT_3D('',#2177,#2178,#2179);
#2177 = CARTESIAN_POINT('',(0.,0.,30.));
#2178 = DIRECTION('',(0.,0.,1.));
#2179 = DIRECTION('',(1.,0.,0.));
#2180 = PCURVE('',#1984,#2181);
#2181 = DEFINITIONAL_REPRESENTATION('',(#2182),#2186);
#2182 = LINE('',#2183,#2184);
#2183 = CARTESIAN_POINT('',(0.,60.));
#2184 = VECTOR('',#2185,1.);
#2185 = DIRECTION('',(1.,0.));
#2186 = ( GEOMETRIC_REPRESENTATION_CONTEXT(2) 
PARAMETRIC_REPRESENTATION_CONTEXT() REPRESENTATION_CONTEXT('2D SPACE',''
  ) );
#2187 = PCURVE('',#2188,#2193);
#2188 = PLANE('',#2189);
#2189 = AXIS2_PLACEMENT_3D('',#2190,#2191,#2192);
#2190 = CARTESIAN_POINT('',(0.,0.,30.));
#2191 = DIRECTION('',(0.,0.,1.));
#2192 = DIRECTION('',(1.,0.,0.));
#2193 = DEFINITIONAL_REPRESENTATION('',(#2194),#2198);
#2194 = CIRCLE('',#2195,8.);
#2195 = AXIS2_PLACEMENT_2D('',#2196,#2197);
#2196 = CARTESIAN_POINT('',(0.,0.));
#2197 = DIRECTION('',(1.,0.));
#2198 = ( GEOMETRIC_REPRESENTATION_CONTEXT(2) 
PARAMETRIC_REPRESENTATION_CONTEXT() REPRESENTATION_CONTEXT('2D SPACE',''
  ) );
#2199 = ORIENTED_EDGE('',*,*,#2150,.F.);
#2200 = ORIENTED_EDGE('',*,*,#1718,.T.);
#2201 = ADVANCED_FACE('',(#2202),#2188,.F.);
#2202 = FACE_BOUND('',#2203,.F.);
#2203 = EDGE_LOOP('',(#2204));
#2204 = ORIENTED_EDGE('',*,*,#2173,.T.);
#2205 = ( GEOMETRIC_REPRESENTATION_CONTEXT(3) 
GLOBAL_UNCERTAINTY_ASSIGNED_CONTEXT((#2209)) 
GLOBAL_UNIT_ASSIGNED_CONTEXT((#2206,#2207,#2208)) REPRESENTATION_CONTEXT
('Context #1','3D Context with UNIT and UNCERTAINTY') );
#2206 = ( LENGTH_UNIT() NAMED_UNIT(*) SI_UNIT(.MILLI.,.METRE.) );
#2207 = ( NAMED_UNIT(*) PLANE_ANGLE_UNIT() SI_UNIT($,.RADIAN.) );
#2208 = ( NAMED_UNIT(*) SI_UNIT($,.STERADIAN.) SOLID_ANGLE_UNIT() );
#2209 = UNCERTAINTY_MEASURE_WITH_UNIT(LENGTH_MEASURE(1.E-07),#2206,
  'distance_accuracy_value','confusion accuracy');
#2210 = PRODUCT_RELATED_PRODUCT_CATEGORY('part',$,(#7));
ENDSEC;
END-ISO-10303-21;
